spec_000,spec_001,spec_002,spec_003,spec_004,spec_005,spec_006,spec_007,spec_008,spec_009,spec_010,spec_011,spec_012,spec_013,spec_014,spec_015,spec_016,spec_017,spec_018,spec_019,spec_020,spec_021,spec_022,spec_023,spec_024,spec_025,spec_026,spec_027,spec_028,spec_029,spec_030,spec_031,spec_032,spec_033,spec_034,spec_035,spec_036,spec_037,spec_038,spec_039,spec_040,spec_041,spec_042,spec_043,spec_044,spec_045,spec_046,spec_047,spec_048,spec_049,spec_050,spec_051,spec_052,encounter,hemisphere,terrain,geo_unit,p_spec,p_full,dv_spec,dv_full,delta_geo,delta_rad,delta_full,ood_dist,ood_ratio
0.88348788022995,0.909950953722,0.9376188177328844,0.8494988243088474,0.8998117832037122,0.9296498500383824,0.9689506333607892,0.9186659423204568,0.9414195395607984,0.8755363917532765,0.8409920440270348,0.818314080054943,0.8377267191043272,0.8564574182033539,0.8289894672540516,0.8496471670957711,0.8571357855925689,0.7764043805690913,0.8007565498352046,0.7674931647685859,0.7596021513220886,0.7324345313585716,0.7121705775077527,0.7318676783488347,0.7204486147654011,0.7251548886299133,0.7230038679563082,0.7159160806582524,0.6354660767775322,0.5443566932532066,0.4472973624101058,0.3765064962781392,0.3576343515744575,0.3532407827102221,0.3762454941868782,0.3858228882917991,0.4080187227305781,0.4082027588899319,0.4214368935289053,0.4307404345479504,0.4401853520136612,0.4534666257343072,0.44299810895553,0.4477079764179802,0.4248984716404443,0.4405612695675631,0.4145415891175981,0.3726516171890198,0.2872246339403342,0.2086022925559587,0.1730816008030683,0.1494600147694008,0.1776070642174432,G2,trailing,chaos,chl,0.09123822743626354,0.00047262043392430484,-2.2986090136995165,-7.656745224742101,2.415470912859478,-0.3714293363799923,2.0440415764794864,0.30948422597809616,5.371559076775581
0.8858457803726196,0.8845119866041037,0.933622807264328,0.9557915957829424,0.9668493518462546,0.9791008307383612,0.9966978939679952,0.936885419717202,0.9509407254575774,0.8968862299700734,0.8711932672904089,0.8457451847883368,0.8478837219568398,0.8132774788599748,0.8077812754190885,0.8326609432697296,0.8461769271541286,0.8355946295536482,0.8134894288503208,0.79202510370658,0.7686237073773123,0.7419636598000158,0.7310226802642529,0.7397459589518033,0.7034767827311694,0.7094095468521118,0.7200907963972826,0.7119705434028919,0.6634530535111064,0.5625284037827533,0.4609678534361036,0.3979591430379792,0.3730364592029498,0.3810470570738499,0.3982289031147957,0.3943902749281663,0.4105882119401662,0.4216197199546374,0.4288151854527864,0.4493674276203945,0.4605839323539,0.4549607586586612,0.4566240115807607,0.4424631307865012,0.4376073586986439,0.4362824595891513,0.414028379652235,0.3661690505071616,0.2900159297318287,0.2121166194079021,0.1765392106383239,0.1689253531653305,0.1778303641697456,G2,trailing,chaos,chl,0.13329509426916827,0.0033191940846663175,-1.872133132039568,-5.704708556274634,2.415470912859478,-0.3714293363799914,2.0440415764794864,0.28869762527282083,5.0107767030024055
0.8788160085678101,0.901085766003682,0.9200320367629712,0.940663791339816,0.9760706901550292,0.9902936220169068,0.997058799633613,0.9646719772082109,0.9460022786191402,0.9185822146539472,0.9013095420140488,0.8661145072716931,0.8455736980988425,0.8156923248217656,0.8119215442584111,0.8212838461765876,0.8316528916819216,0.825864075926634,0.8142957536073832,0.794224992623696,0.7671815502137291,0.7441515665787916,0.7344984357173626,0.738315985752986,0.7198560644383631,0.722080260515213,0.7159870303594149,0.6956492882508498,0.6430876447604257,0.5561147393851446,0.4640379293606835,0.402344331374535,0.3846350176976277,0.3954306110739707,0.409090381860733,0.4100175169798044,0.4247794614897835,0.4270424058804145,0.4250525427960801,0.4379392615680037,0.4501115434444867,0.451119808972567,0.4450533819886355,0.4364345758810811,0.4341623474811685,0.4265823970620449,0.4094833729367601,0.365145964640767,0.2864468632073231,0.2053421989254566,0.1726193813985335,0.1698788214346458,0.1795785964334605,G2,trailing,chaos,chl,0.2894488600649271,0.0023014133767531413,-0.8980622900986613,-6.071927767451497,2.415470912859478,-0.3714293363799914,2.0440415764794864,0.29136966523342844,5.057153930980818
0.8747684359550476,0.8934080935441531,0.9190975941144504,0.9384201182663896,0.973289593366476,0.9902111887931824,0.9966285210389356,0.949637960929137,0.9493374651624956,0.918813490685616,0.8994084605803858,0.8784836356456462,0.8288291371785677,0.8128015605302957,0.8087286729079026,0.8220468754951771,0.8314847037138626,0.8311047471486606,0.8141153019208176,0.7907492912732638,0.7642732297131454,0.7394194382887619,0.7255854757932516,0.729620375083043,0.7174817864922272,0.7183260560035706,0.7086290790484501,0.686690758741819,0.6346274678523728,0.5458604348573649,0.4566539002152593,0.4024567338136525,0.384746910402408,0.3895186520539797,0.4012073189020157,0.4005561742645043,0.4194674334306827,0.4118530587508128,0.4179314894466107,0.43893354103483,0.4406859246584085,0.4369550621372529,0.4264455523628455,0.4194677975671044,0.4154637900120454,0.40281377606667,0.3923605478357992,0.3499010775052723,0.2745007177193952,0.1964840007467743,0.1678144948920984,0.1704114052070968,0.1758092560758992,G2,trailing,chaos,chl,0.44651469484184336,0.0036268354606597674,-0.21476289189490883,-5.615761356470026,2.415470912859478,-0.3714293363799914,2.0440415764794846,0.31964613164221684,5.547934064660449
0.87015700340271,0.8861327400574317,0.9126525869736304,0.9358433011833948,0.9619349122047424,0.9866342214437632,0.9956477830043206,0.9439713129630456,0.9503832391200174,0.9185102586527818,0.8897593915462494,0.8720707013056826,0.8306731352439293,0.8118563133936663,0.8077324894758371,0.817779311308494,0.8311919365150128,0.8303606138779567,0.8171850222807665,0.7817338326802621,0.7541822392968137,0.734564922406123,0.7214641396815961,0.7256509340726413,0.7080483084894231,0.7109910547733307,0.6956810951232909,0.6806906429620889,0.6297978153595561,0.534402001406498,0.4383971576507279,0.3888536754709023,0.3812108348195369,0.3858128756284714,0.398957297205925,0.3934813070755739,0.4136315291868773,0.3962198576101889,0.4085232369972826,0.4355650503059913,0.4283793153671117,0.4197079898982212,0.40506423665927,0.4035299108631309,0.3987750738744992,0.3906624812346239,0.378505382158747,0.3387300482883305,0.257715587985926,0.1821135671316891,0.1605203534794036,0.1622432703259347,0.1674892658018061,G2,trailing,chaos,chl,0.5934398925137684,0.0046813619865561755,0.37820414866568586,-5.359473834743396,2.4154709128594787,-0.3714293363799914,2.0440415764794864,0.36174854888364893,6.278684140121205
0.8572970032691956,0.8761656811604133,0.904650920171004,0.9269812498383848,0.9645876893630392,0.9772578918016872,0.9933881622094376,0.9515130368562844,0.9490525185606864,0.921786800140643,0.8828355624125555,0.8765963361813472,0.8263920660202319,0.8065917927485247,0.8058432560700637,0.8196701017709879,0.8272405151694898,0.8263992635103372,0.819710546044203,0.7864217966794969,0.7535323102501829,0.7250326284995443,0.7104469092992636,0.7156735603625958,0.7036144980068865,0.7065181076526642,0.7002609793956462,0.6872697238738721,0.623510125967173,0.5195161403367347,0.4367801831318785,0.3925472456675308,0.3712436674879147,0.3715606331825256,0.3856893762946129,0.3937089961308699,0.4065821175374291,0.4098439555901747,0.4025747154864315,0.4054321328113819,0.4129120881740863,0.4068065604259228,0.3947820010093542,0.378911033444021,0.3646805523912568,0.3598102068671813,0.3523224289618231,0.3167139570375054,0.2471861140481351,0.1759615977833553,0.146900944554486,0.1526658163331021,0.1605861180701018,G2,trailing,chaos,chl,0.5544401052324025,0.0026245480199497085,0.2186271033477084,-5.94021858245585,2.415470912859478,-0.3714293363799914,2.0440415764794864,0.4120541124739097,7.151812022040141
0.8569281697273254,0.8740978172192206,0.9074852081445548,0.9273629661734776,0.9647692102652328,0.9894846962048456,0.9952483855761014,0.9563145206524776,0.9502617061593152,0.930866209605268,0.8763867864241969,0.8943638819914597,0.8502665460109711,0.8104904381128458,0.8104568334726188,0.8295651156168717,0.8369817597985728,0.8319570167706563,0.8166444338285007,0.7889347014518885,0.7622153390788664,0.7449985815928531,0.7325753913475916,0.7257913782046391,0.7143697457752008,0.7136731088161469,0.7060030882175151,0.686762504852735,0.6224494741513183,0.523911060044592,0.4439789996697355,0.4015139624476432,0.3907539961429743,0.3977536893807925,0.4004298195242882,0.4080903253876246,0.4144315848633704,0.41637999690496,0.4106351371240799,0.4111753373310484,0.417236706155997,0.4123535974957477,0.3977268854012856,0.3873730428602504,0.379154054940432,0.3730931574335466,0.3548650120409967,0.3172122224080607,0.2507852589947048,0.1812671736396591,0.1537469759640565,0.1564311378303615,0.1638383200798911,G2,trailing,chaos,chl,0.5740415229503443,0.0030145956842861227,0.2983598635336563,-5.801270410462468,2.4154709128594796,-0.3714293363799914,2.0440415764794864,0.3795152484157811,6.587051637154555
0.854835569858551,0.8727916712944325,0.9047789683708778,0.9216916852324972,0.9611111805989192,0.9779849960253788,0.9953944999438066,0.954032793870339,0.9440423104599232,0.9298142922743586,0.874291710670178,0.880308906848614,0.8563476204872131,0.8107758058951452,0.8119589420465323,0.8284753304261427,0.8388064805144969,0.8292697250843049,0.8109141984811197,0.7873673615547327,0.7591548345724128,0.7389302537991449,0.7286856371622819,0.7297766291178189,0.7128362050458389,0.7136730313301086,0.7025896916022667,0.6818426677813897,0.6190964689621563,0.5231075841805031,0.4432075442029882,0.4000323755236771,0.390876688177769,0.3991902124423247,0.3989052161574363,0.410754106251093,0.4160837759460069,0.4144508063793182,0.4112126434443097,0.4116511386016319,0.412922771848165,0.4066808213447702,0.3913116059624232,0.3869494987630296,0.3783368466000904,0.3691098701495391,0.3497434345241706,0.3155446935202425,0.2480351551510815,0.1785188861962021,0.1537270299319563,0.1555160427915639,0.1634103120286802,G2,trailing,chaos,chl,0.4883545416772715,0.002216845060222506,-0.04659025906615921,-6.10945093202605,2.4154709128594796,-0.3714293363799914,2.0440415764794864,0.3833368750935226,6.6533816525341525
0.8523817658424377,0.8742237049799699,0.9025517601233264,0.9254849575858078,0.9646406934811518,0.9831281130130476,0.9946486010001256,0.9511938370191134,0.93844613637633,0.940479459653374,0.8967550584903131,0.8696794143089882,0.8189490850155169,0.8075281633780553,0.8132639142183158,0.8240599953211271,0.8344588650239481,0.8309482938968218,0.8167660000232551,0.794023892741937,0.7682250563242261,0.7458312144646276,0.7292282397930439,0.7309936826045697,0.7136524294528012,0.7133160650730133,0.699010039292849,0.680305650142523,0.6213829187246473,0.5293203336525695,0.4505564244893884,0.4075722391788775,0.3974416649112335,0.4018708559182974,0.4014304235577583,0.4060425717097062,0.4168517838492704,0.4122966122168761,0.4111975240753071,0.4149428647139976,0.4128146627774605,0.4053454361427789,0.3948872226935166,0.3907566392558745,0.3790148782090666,0.369185453424087,0.3479705965610298,0.314181397130206,0.2435927880906504,0.1722758106915886,0.152330938369835,0.1559526041663926,0.1680413618740907,G2,trailing,chaos,chl,0.4732653363195554,0.002433700078879711,-0.10704074132833552,-6.015905847164238,2.4154709128594787,-0.3714293363799923,2.0440415764794855,0.37567806313282665,6.52045157903921
0.893027663230896,0.9104135774649108,0.91547045478454,0.8728327655610242,0.9694846034049986,0.9736778736114504,0.99141574043494,0.9276892506159268,0.93288302558069,0.8882229746753021,0.871962337768995,0.8406223645577063,0.8438558188768536,0.8500534149316641,0.8188329696655272,0.832769088103221,0.8419174648619987,0.7952271353739959,0.8102934383429011,0.810602344916417,0.7900196258625929,0.758971782831045,0.7441725258643811,0.7522711212818439,0.7439520653636976,0.7349547743797302,0.7251334098669199,0.7158769474579738,0.6474948305350089,0.5637367064011966,0.4871066954273448,0.4238235624936909,0.3967946538558373,0.3985755494007697,0.4142487153410912,0.4254641318550476,0.4389861528672478,0.4319329422253828,0.4392949816596004,0.4471742521072256,0.4557902446159949,0.4817464855210535,0.4824282211753039,0.4680352519298423,0.4564486863055905,0.4583720331008618,0.4460315245321425,0.3927470862408705,0.2975354300833289,0.2194759241694233,0.1859016029085693,0.1731974946698924,0.198291168301955,G2,trailing,chaos,chl,0.19429878413370322,0.0014818233211440004,-1.4223158751740956,-6.5129990534099935,2.415470912859478,-0.3714293363799923,2.0440415764794864,0.21480937925761623,3.728336290100425
0.8740297555923462,0.8859532136183519,0.9257668637312376,0.9460981115130068,0.9644290942412156,0.98108540223195,0.994445399596141,0.9432582827714772,0.9478984252187131,0.9066208560048172,0.8758819699287416,0.8439104236089265,0.8338987414653483,0.8135710069766412,0.8071588662954478,0.8319968769183526,0.8410144867123784,0.834640866288772,0.818381162102406,0.7972427595120211,0.7727774275776043,0.7488735877550564,0.736214048587359,0.7420775294303894,0.7201241576808622,0.7238275885581971,0.7320064874795768,0.7184427013764014,0.6657321636493393,0.575119045959122,0.4811302731816589,0.419225185880294,0.3969272330403328,0.4025298840724505,0.416702875494957,0.4225131943821907,0.4384798424682398,0.4447928596001405,0.4486378942869632,0.4615498698990921,0.4705006326620395,0.4683597714736544,0.4641867939096231,0.450586782447223,0.4447285769314602,0.4397617333210432,0.4236395746126941,0.3800804488275241,0.3014730883055713,0.2236000466734968,0.1884472125220573,0.1846783871965847,0.1944493052488999,G2,trailing,chaos,chl,0.09482730047391079,0.003164861883976768,-2.256068406214774,-5.752475982240847,2.4154709128594796,-0.3714293363799914,2.0440415764794873,0.22115716541573854,3.838511560737661
0.8666856288909912,0.8899939472858722,0.9133327419941242,0.9345385332143944,0.9701843490967382,0.9876608390074508,0.9953643450370202,0.9552517340733456,0.944069001510853,0.9171058012328986,0.8947288467333868,0.8568010275180523,0.8356652328601247,0.8142621806034676,0.8110010844010573,0.8232903801477872,0.8318102309142301,0.8291604718336693,0.8174728636558241,0.7970986703267464,0.7739237710315748,0.752663613282717,0.7397236443482912,0.7435064590894259,0.7284736964437697,0.7296407163143158,0.7267727420880244,0.7071215739616981,0.6528149613967312,0.5674319813077935,0.4792805113471475,0.4211594805121421,0.4046682823162812,0.4129446415947034,0.424374096095562,0.4280176307146366,0.441237152193698,0.4441436705680994,0.4455205263762638,0.4555555397066577,0.4618814674707559,0.4578073792073918,0.448781383725313,0.4424930458096252,0.4386006679343081,0.4288585987228614,0.4146413508502914,0.3724207621196219,0.2945259367597507,0.2163564627883076,0.1843613912547685,0.1831103539329835,0.1898068821064814,G2,trailing,chaos,chl,0.16454977709250188,0.002163241519005281,-1.624757647912014,-6.133981894266871,2.4154709128594796,-0.3714293363799914,2.0440415764794864,0.2304545629661765,3.999881724417605
0.8618317246437073,0.8783693707906283,0.9103841552367578,0.9283979275754388,0.9673952689537634,0.9814114616467402,0.9944078761797684,0.9470749809191776,0.9466051705010976,0.9131422748092478,0.8880502769580255,0.8667467337388258,0.8299560569799863,0.8113269411600553,0.8124082858745869,0.826167010802489,0.8301808643064904,0.8287009910895274,0.8185898597423847,0.7938423837606724,0.7646920476180706,0.7411014621074382,0.729101529946694,0.73363819030615,0.7182881651710277,0.7216067850589752,0.713974719781142,0.6900616237750421,0.6318524314807016,0.5417739723834042,0.4619698048784185,0.4134736557419482,0.3960044449338546,0.4020567902005635,0.4106761664152146,0.4123732533592444,0.4275935975071114,0.4247457387355657,0.4309601606765468,0.4395088008765516,0.4355646413106184,0.4333526796993168,0.4212344798904199,0.4096925149018737,0.4022676933314151,0.3967633350537374,0.3836349200928347,0.3444003733410231,0.2682862127649366,0.1906090476960513,0.1616835086053358,0.1695165649570268,0.1831351415293426,G2,trailing,chaos,chl,0.3004575166369578,0.0019203184780845462,-0.8451201577646706,-6.253342068042162,2.4154709128594796,-0.3714293363799923,2.0440415764794864,0.3014819856882431,5.232668293803845
0.8857150673866272,0.902680269571451,0.8896627173973964,0.8787187233225991,0.9601444721221924,0.982350175197308,0.995949468245873,0.934473559489617,0.9123755939134204,0.8898913655572263,0.8738150170216195,0.8443325070234445,0.8350911048742441,0.8354449345515325,0.8094389081001281,0.8132337221732506,0.8188907826268995,0.798860425215501,0.8093115116541201,0.8050601876699007,0.7851488767443476,0.7640187437717729,0.7537401511118962,0.7584653377532958,0.7538960160423512,0.7412927985191345,0.7244528302779564,0.7078996534530934,0.6483289186771104,0.573806169160938,0.5005338155306307,0.4422182088861097,0.4214253284610235,0.4263867755348866,0.4396277815103531,0.4523471133067058,0.4637672118985333,0.4504812648663154,0.4486572092748692,0.4544255928746585,0.4640386519523766,0.4894940764054485,0.4889488535431715,0.4771706273500947,0.4700354101329014,0.466310460292376,0.4645481650856717,0.4068508963475279,0.3067724567720253,0.2276373195008755,0.1943763755975555,0.1908064784332254,0.2116355031043633,G2,trailing,chaos,chl,0.22706889116252252,0.002639536679090391,-1.2249364660649373,-5.934508851172238,2.415470912859478,-0.3714293363799914,2.0440415764794864,0.14887618210488326,2.5839675827542137
0.8681685924530029,0.8877655978386219,0.918346835558231,0.939115191233977,0.9639573977543756,0.9846844425568214,0.994266285804602,0.9495513168665078,0.9445645681774344,0.912106916194654,0.8828471743143523,0.8485011825194726,0.8264871812783753,0.8148220351109138,0.8084812705333416,0.8310205633823688,0.8368981448379723,0.8358176077787692,0.8219534773093005,0.8018488306265611,0.7784312627490423,0.7578613226230326,0.7455329711620624,0.7469778996247511,0.7344126479835802,0.7374994575977325,0.7414793867331285,0.7240388741860023,0.6702230591040395,0.5843377506139178,0.4973157856326841,0.4405962538260679,0.4211035128969412,0.4263800003207647,0.4358247309923172,0.4476651913844622,0.4643258983376383,0.4643470252935703,0.4652412424142333,0.4746602044023316,0.4795582713989111,0.4791465757907122,0.474066039117483,0.4610658435300849,0.4542953195014676,0.4462488224873177,0.4346341948627967,0.393985992647222,0.3140889762461863,0.2357703101360933,0.202700181939136,0.201887092713652,0.2085741007008315,G2,trailing,chaos,chl,0.08267316040656741,0.0034911961615170747,-2.406568823711517,-5.654013557191755,2.4154709128594796,-0.3714293363799914,2.0440415764794873,0.17365606498882594,3.0140593084504332
0.8594383001327515,0.8837832941458775,0.9098803923680232,0.9312472657392952,0.9668140998253454,0.9840229905568636,0.9943336463891544,0.9525017151465782,0.9446503410812552,0.9177919476086858,0.8907712996006013,0.8536287564497729,0.8310896662565376,0.8163389834073874,0.8136480001302866,0.8271828683523031,0.8342517289876017,0.8335862113879278,0.8225972739549784,0.8017533228947566,0.7808263304150703,0.7583553103300239,0.7420156928209158,0.7471271065565256,0.7389050491468203,0.7397686421871186,0.7383189155505253,0.7185513106676249,0.6630023442781893,0.5805990351114237,0.4961834334410158,0.4399550196069936,0.4213668956206395,0.4240552082657814,0.4351181730628014,0.4475267383914727,0.4598277711320198,0.4623532146215439,0.4651259196444032,0.4721547920128395,0.4743933835854897,0.4677197114489544,0.4554444603048838,0.4491700639669923,0.4410048462878698,0.4300535482855944,0.422967890555831,0.382146872551505,0.3051223398625159,0.2292226337153334,0.1973281872683558,0.198117562409105,0.204253668186765,G2,trailing,chaos,chl,0.1024042599252132,0.0023854747611760712,-2.170791476278907,-6.0359687886231,2.415470912859478,-0.3714293363799914,2.0440415764794864,0.18380959923667728,3.190288997954084
0.8548926115036011,0.8752133337350992,0.904625837619488,0.9236091302551386,0.9614637888394868,0.9792268046965964,0.99348974778102,0.9465591650742752,0.941743107697436,0.9138261985232812,0.8847381078279937,0.8587578911047716,0.829301575055489,0.8109478304019341,0.8118554582962623,0.8234486277286823,0.8290992116836047,0.8295278922869609,0.8155655812758666,0.7923990928209745,0.772515480122511,0.7529410637342011,0.7389488284404461,0.7437762425496027,0.7301533066906691,0.7321668922901153,0.7284026503562927,0.7042413560243753,0.6489236978384169,0.5651644609897073,0.480305313261656,0.4289000075597028,0.4170574244398337,0.4236694998466051,0.4308979958295822,0.4359059498860286,0.4484523189935648,0.452367776632309,0.451800047666177,0.4573594126208075,0.461305653819671,0.4531639831504602,0.4397241754027513,0.4324960150252814,0.4250852788773533,0.4143448332181345,0.4061545524103886,0.3650506492775517,0.2917473192872666,0.2161292172254729,0.1823890282276489,0.1899225153457159,0.1944965135548763,G2,trailing,chaos,chl,0.14879005936997958,0.0021412464289242094,-1.7441224820327825,-6.144223633905369,2.4154709128594796,-0.3714293363799914,2.0440415764794864,0.20997372162252223,3.6444062591598283
0.8469223976135254,0.8628477316636306,0.8919786210243519,0.9094973493168372,0.9486186238435595,0.966404683773334,0.9920619212664092,0.9345983202640826,0.9327257612279354,0.9000789632324045,0.8698316202713894,0.8572791503025936,0.8202854830485122,0.8000464792434986,0.801421267252702,0.8149960435353792,0.8189811718049657,0.8190216364768835,0.8052284371394378,0.7797761082649232,0.7569953274542761,0.7383579501738914,0.7288054085694826,0.7346766196764433,0.7158619078639823,0.7170509934425354,0.710337184025691,0.6879864853162032,0.6302249807577871,0.5401616571506779,0.4592319893149232,0.4157316735157599,0.4055292636156082,0.4114033350577721,0.416471566259861,0.4225227255087632,0.4303754159317163,0.4329806506633759,0.4380160885295648,0.4409327332315774,0.4385149815907845,0.4304735674255195,0.4175256633987793,0.4119542693269665,0.401049604589455,0.3937556113188084,0.3833235721478515,0.343086933724268,0.2708892925032247,0.1947955366980525,0.1693145249081754,0.178593869866996,0.1867316343546827,G2,trailing,chaos,chl,0.23215127496875262,0.002071546259902306,-1.1962035346755022,-6.17738627021991,2.4154709128594787,-0.3714293363799923,2.0440415764794855,0.27244696246121125,4.728722278246363
0.8494971990585327,0.8662496823530931,0.8969323933124542,0.9153513649037776,0.950671573785635,0.9713608109034024,0.9945522202895238,0.937660952256276,0.937247714468541,0.9075021297877072,0.8765653944932498,0.8681837164438689,0.8193437342460337,0.8041341341458834,0.8007292985916138,0.8185937028664809,0.8232404568940976,0.8237930192397191,0.8103606302004596,0.7825840720763574,0.7573551409032815,0.739124663059528,0.731685308768199,0.7367332669404837,0.7180336722925705,0.7178449273109436,0.7099547963875991,0.6838603024299329,0.6221430136607248,0.5312480743817444,0.4540444619380513,0.4124547294699228,0.4009547305794863,0.4062139152334286,0.4131460279226303,0.4212332304853659,0.4274125053508071,0.4299027438347156,0.430588242423032,0.4277509666722396,0.4265678935326062,0.4211838005603044,0.4078558150392312,0.3981740039655533,0.3885701907320497,0.3874826070207817,0.3724134772216678,0.3304798043550658,0.2552655565327605,0.1837083238865679,0.1557851522247453,0.1716449856758118,0.1813278253051056,G2,trailing,chaos,chl,0.324780141302129,0.0020393272127343697,-0.7318898893206981,-6.193093913728562,2.415470912859478,-0.3714293363799914,2.0440415764794846,0.311690515212729,5.4098525081349
0.8515053987503052,0.8697207634265607,0.9002427463348095,0.9237605847475182,0.9591567745575535,0.976261684527764,0.9922726122232584,0.9434912365216476,0.9435147538439916,0.9220569547806078,0.8822571855324965,0.8714344492325418,0.8261346794091735,0.8116375175806192,0.8050854664582472,0.8212156547949864,0.8296466948442938,0.8302852642077666,0.8162921327811022,0.7881147469465549,0.7619734388060552,0.7428858986267676,0.7314839431872735,0.7343115164683415,0.7232316108955734,0.721474575996399,0.7115357564045832,0.6866631810481731,0.6230488868860102,0.5300987433656423,0.4561666924219867,0.415832931949542,0.4023210308872736,0.4066730243655351,0.4129395842552185,0.4201791246349995,0.4277960895578523,0.4296472333944761,0.4286127222908867,0.4270969187391215,0.4252040074421809,0.4177154196404862,0.4043268177371759,0.3939258826190028,0.3828552888270995,0.3787806473099269,0.3642875870753977,0.3250911324873736,0.2526332345502124,0.1825957178384407,0.1552834057488203,0.1691971143771862,0.1786112695133092,G2,trailing,chaos,chl,0.4002339326132849,0.002362472621471862,-0.4044904838074913,-6.045681219795584,2.4154709128594787,-0.3714293363799923,2.0440415764794855,0.3252721116584388,5.645581316071685
0.8475739359855652,0.8678666206506582,0.8977761410749876,0.9185281646160678,0.9538868949963496,0.9750709542861352,0.9917183247896342,0.9435799479484558,0.93922631249173,0.9232708820859896,0.870109668144813,0.8706870977695172,0.8278432534291194,0.809824677155568,0.8022930640440721,0.8178603323606344,0.8265305561908884,0.8251512399086586,0.8085147144702766,0.7817156709157504,0.7561478212073043,0.7400493942774259,0.7298782761280354,0.7313030710587135,0.715559802292864,0.7129843771457672,0.7059711566338172,0.679681452879539,0.6140806262309739,0.5218585485242793,0.4466855900791978,0.4072146132588385,0.3984250797675207,0.4067816967001328,0.4140177085995674,0.4106776532072287,0.4136137288648963,0.4164037940593866,0.4154069767372818,0.4164130482180365,0.4162754670931743,0.4058004127836775,0.394912583896747,0.3858867225975826,0.378159420243625,0.3729860368829508,0.3534134303244593,0.3163190642764283,0.2460063356777711,0.1800778065147983,0.1527590459333982,0.1586357716513776,0.1712868694943943,G2,trailing,chaos,chl,0.44559838569038823,0.0020753623423128598,-0.21847129385622155,-6.175541998851882,2.415470912859478,-0.3714293363799914,2.0440415764794864,0.35976536637421064,6.244263057832411
0.8543843030929565,0.8766448713265933,0.903280902825869,0.920964220552954,0.9626363552533662,0.9741760446475102,0.9928035685649284,0.9477498311262864,0.9419095466155132,0.9260388262399282,0.8652252293550052,0.8787544241318335,0.8232208582071155,0.8072762507658738,0.8042932143578162,0.8189816534519195,0.828316417670158,0.8241701985781009,0.8058771532315475,0.7806034452640094,0.7523057205336434,0.7306406928942752,0.7209787130355835,0.7239226552156302,0.7083154382376835,0.7071775972843171,0.701652325116671,0.6757449617752662,0.6082250796831576,0.5149661549206438,0.437875682459428,0.3962938771798059,0.384486068555942,0.3920298556868846,0.4031229078769684,0.401198717378653,0.4049632728556563,0.4060340257791372,0.4038567619533831,0.4044707376381447,0.4021606706655943,0.3915951046450384,0.3813635036349296,0.3725960179306996,0.3627115577116779,0.362873953810105,0.3423144491924635,0.3080589273423526,0.241277635097503,0.1745397796804419,0.1481209881460986,0.1478777827545144,0.1629610110174193,G2,trailing,chaos,chl,0.556287610343778,0.002157712073773054,0.22610886380252426,-6.136546800478026,2.4154709128594796,-0.3714293363799914,2.0440415764794864,0.41134588428225755,7.139519668336897
0.8245466947555542,0.8541006271655743,0.8509142114565923,0.8458311444020454,0.8775953274506788,0.8486980346532967,0.9504889414860652,0.8970119943985572,0.863981770650121,0.808310799926292,0.7210890898337738,0.7016395944815418,0.7962362422392915,0.7690035017637106,0.7805924929105319,0.7857673667944395,0.7898556843227401,0.7718340334983973,0.7501947760581972,0.7293888183740469,0.677884160091518,0.6478403210639954,0.6253730916059933,0.6800911885041454,0.7152577040295949,0.708661675453186,0.6815146868045512,0.6533133424245394,0.5907156779215891,0.5025046906252018,0.42678955587057,0.367298833452738,0.3433070352444282,0.3467083348677708,0.3740958303213123,0.4086123945621344,0.4177930631400068,0.4092701419041706,0.3921950108931896,0.382544095146245,0.385342363669322,0.3836903239803753,0.370341181755066,0.3466303924034382,0.3395002719542989,0.3501488954975053,0.3464764312080953,0.3205906152725218,0.2517269863479432,0.1738359996071262,0.1409664339603592,0.1541481288685195,0.1530975490465931,G2,trailing,chaos,chl,0.08128806602191893,0.0002080102090678586,-2.4249734008830353,-8.477715365564237,2.4154709128594796,-0.3714293363799932,2.0440415764794864,0.5251867665292518,9.115397509636832
0.876353919506073,0.8934194367665511,0.8887597111555247,0.8858757128242319,0.9594297940914448,0.9813057074180016,0.9952992237531222,0.92629041992701,0.9136307062083528,0.8952532383321804,0.8789924846245694,0.8397714293920077,0.8224977163168101,0.8236826548209557,0.7936422100433935,0.8039519690550291,0.8161460759556892,0.8035021334886551,0.8108760687021107,0.8033368030419716,0.7833348581689665,0.760550156006446,0.7505019495120415,0.756902107825646,0.748745356483021,0.7360013842582703,0.7339531174072853,0.7158611678160154,0.6561093495442322,0.5840340055725127,0.5083861968838256,0.4502758210668195,0.4328554648619431,0.437425190783464,0.4471346408128738,0.4582003941902747,0.4663814903447454,0.4563427168589372,0.4569607501514112,0.4646700209584729,0.4750910073518752,0.4932645692907531,0.4897529906951464,0.4803384610976296,0.4726325385415234,0.4619518442795827,0.4625658877051194,0.4089817556613248,0.3166525463263187,0.2383837437264305,0.1990304014920275,0.1977928657641356,0.2159431006944956,G2,trailing,chaos,chl,0.13442357105944142,0.003453339379227719,-1.8623998842118787,-5.664954264159849,2.4154709128594796,-0.3714293363799914,2.0440415764794864,0.11977553439051622,2.0788825566074527
0.8686583042144775,0.885350717489536,0.9178401483939244,0.9383197140147668,0.9631217837333678,0.9829205393791198,0.994570270868448,0.956799307694802,0.943113028548146,0.9144494911186568,0.8876138467055102,0.8509526766263522,0.8310103989564454,0.814460767690952,0.8076914356305048,0.8278065410944131,0.8346268081296825,0.8352870776103093,0.8217926385310981,0.8013518592486015,0.7785392817843375,0.7568982335237355,0.7456794619560242,0.7502234523112957,0.7367986559411118,0.7400055944919586,0.7473109144430894,0.7266814580330482,0.6715343191073495,0.5878516494999444,0.5014710552417319,0.4466370401474144,0.4295772644189687,0.4333179526604139,0.442921955883503,0.4519952069108303,0.4667600393295288,0.4678187489509582,0.4676200009853903,0.4740940507115989,0.47968662243623,0.4803214227331095,0.4731475229446705,0.4611857447816038,0.454155369394127,0.4461562806597123,0.4342395473714074,0.3932287399567862,0.315572527975871,0.2383563311278133,0.1995039263105027,0.2036875570299982,0.2158242936221119,G2,trailing,chaos,chl,0.07861289376037936,0.0033109936383741074,-2.461344530007136,-5.707190454672704,2.4154709128594796,-0.3714293363799914,2.0440415764794873,0.16925849002669677,2.9377328539147576
0.8608625531196594,0.8865556409725777,0.9129556729243352,0.934245036303542,0.9690271946100087,0.9850604249880864,0.9947437561475314,0.9608168840408324,0.9465117108730868,0.920524335544528,0.8939100522261401,0.8540092825889588,0.8339814864672146,0.8186859025405003,0.8146137916124784,0.8281166200454418,0.8359946732815629,0.8358726859092712,0.8235266951414256,0.8028477526628054,0.7812683768714257,0.7606194175206696,0.7469986204917614,0.7503472676643959,0.7391653403468516,0.7398703038692475,0.7374383706312913,0.7181726542802958,0.6634897608023427,0.5779339771617875,0.4938620452697464,0.4429870941317997,0.4283989072992251,0.4322816830414992,0.4420965626835823,0.4486519949940535,0.458883299909789,0.460548217021502,0.4617724235943907,0.4658809725580544,0.4688011831962145,0.4646634048429028,0.4537697491737513,0.4468477053203802,0.4429767572560073,0.4325458869338036,0.4191918576357463,0.3769682646939579,0.2991971746943456,0.2253665624907188,0.191997828725654,0.1968960820258349,0.2059078641321467,G2,trailing,chaos,chl,0.1258310104321809,0.002356479898085659,-1.938333889164754,-6.048227081281814,2.415470912859478,-0.3714293363799914,2.0440415764794864,0.18971116440911875,3.2927194396640735
0.8494701981544495,0.861135877095736,0.8662201688839839,0.8702372908592224,0.873393162397238,0.8622211291239811,0.95976155262727,0.9067034579240358,0.8769044457501127,0.8344976087562912,0.7654486908362467,0.7163304099669826,0.8106427078063668,0.788676058787566,0.7859794488319983,0.8043923923602471,0.8012381085557827,0.7864131601957175,0.7612101832261454,0.7252089786988039,0.6753462923539651,0.6533437371253967,0.6360549880908085,0.6845690149527327,0.7172070661723843,0.7045548677444459,0.6851134428611168,0.6592096521304204,0.5963366728562579,0.5034407219667545,0.4212001917453916,0.3619309239662608,0.3433713518656218,0.3484096437692642,0.3705463990569118,0.4035430591840011,0.4136828393086619,0.4073825480846258,0.3962198813299566,0.3897354202023868,0.3868645544235523,0.381445978907333,0.3654330716683315,0.3381605261358721,0.333336114997608,0.3364971322508957,0.3500911279428049,0.3147324902572849,0.2454584915747581,0.1696321601726084,0.1358411400596757,0.1464942719401984,0.1561164809712048,G2,trailing,chaos,chl,0.07583753485250248,0.00025122244907764785,-2.500294531430947,-8.288920506005207,2.415470912859478,-0.3714293363799923,2.044041576479488,0.5104439118409237,8.859513337613548
0.8679928779602051,0.8854043089426481,0.8890176241214459,0.8925122363876752,0.959748233281649,0.9791733833459708,0.9946891504984636,0.9210112736775324,0.9157384715917456,0.9001963361528992,0.8837316545156333,0.835307504580571,0.8108069231876962,0.8129770104701702,0.7842395021365238,0.7973727661829728,0.8143488067457575,0.8077038045112903,0.8123470996434872,0.802121268098171,0.7816767246106416,0.7565819575236392,0.7466721154176272,0.7549878523899959,0.7431864325114137,0.7326544463634491,0.7437611524875348,0.7235933661460877,0.663366559835581,0.5931049288461036,0.5149728650083913,0.456529808617555,0.4411799124800242,0.4450882902512184,0.4524434551596641,0.4621275841043545,0.4680917459429452,0.4616087331221654,0.4644375027824635,0.4740388187868842,0.4851066401371589,0.4963403727816439,0.4900511394326504,0.4819997723760276,0.473275570691317,0.4570857511116907,0.4593545522726356,0.4094421953762169,0.3244069777000903,0.2480830782560551,0.2028603593165847,0.2032840812000735,0.2190433614441261,G2,trailing,chaos,chl,0.0778423370447625,0.003921020478001286,-2.47203074884717,-5.537474605205446,2.4154709128594787,-0.3714293363799914,2.0440415764794864,0.1002011996773166,1.7391408622828688
0.8703417778015137,0.8844970845259154,0.9183726691282712,0.9391597077136732,0.963830043719365,0.9828723604862506,0.995310299213116,0.9629023510676163,0.9433405881619636,0.9172016505066676,0.8934677591690652,0.8550681150876559,0.8376497144882492,0.8155721976206853,0.8090031660520113,0.8258965542683234,0.8339009498997545,0.8363620581535193,0.8222562031104016,0.8016488925768779,0.7798383074837762,0.7570749081098115,0.7468122133841881,0.7531726250281701,0.7397323134301722,0.7428035020828248,0.7530797133078942,0.7299725280358241,0.6739420221402098,0.5902338911747111,0.5040863082959105,0.4521791021411234,0.4377739286193481,0.4403633183011642,0.4480385109782219,0.4560101198462339,0.4684715410301969,0.4706656004373843,0.4700450003147125,0.4741057517199681,0.4793099946700609,0.4800773468510858,0.4725064176779527,0.4614103172702351,0.4544759601697155,0.4458760834657229,0.4338903582415817,0.3921915002709603,0.3163727857600678,0.2403861390448162,0.196480013173202,0.20445565125723,0.2194230797989615,G2,trailing,chaos,chl,0.07956855170443049,0.0032303360430778944,-2.4482235899558153,-5.73193354421244,2.415470912859478,-0.3714293363799914,2.0440415764794864,0.16957134671523433,2.9431629470955416
0.8629205822944641,0.8899002840885749,0.9158237108817469,0.93633294742526,0.971143414424016,0.9852798709502588,0.9952588558197022,0.9686902275452248,0.9489872646695784,0.9239077508904552,0.8969664060152495,0.8571401999546931,0.8372141237442308,0.8214628806480995,0.8162218396480266,0.8291055826040414,0.8381105594653421,0.8380092685039227,0.8249028086662293,0.8045821235730098,0.7819601267461151,0.7610891956549423,0.7492317034648015,0.7525213397466219,0.7398648319116498,0.740617424249649,0.7372234472861656,0.7183886931492732,0.6645106755770174,0.5762853017255265,0.4930122108413626,0.4468317398658165,0.4337852863165048,0.4364209364239986,0.4462901741266251,0.450899847310323,0.4594573887828666,0.4603446148909055,0.4602553883274853,0.461966428263434,0.4652885340727292,0.4635131215227061,0.4542571140023378,0.4450743897207852,0.4433979106588839,0.4331617670563552,0.4176471231084215,0.3743097197507074,0.2962094689237654,0.2240015787868206,0.1888907337097372,0.1981014820008443,0.2098520318781279,G2,trailing,chaos,chl,0.15108034844048407,0.002555919208502812,-1.726152738743286,-5.966784160386987,2.4154709128594787,-0.3714293363799923,2.0440415764794855,0.19526255654749938,3.3890721075114154
0.8549880981445312,0.8838754305472741,0.9054280207707333,0.925895326920138,0.9650459078642036,0.9831114603922916,0.9937673756709464,0.95611868088062,0.942991606606782,0.9165487398628062,0.8909918748415434,0.8546954090778645,0.8291320846630974,0.8069560972543863,0.8025437199152433,0.8174969856555645,0.8271084335780052,0.8267505377531051,0.8154213776955238,0.7921790615870403,0.7664393669850118,0.7460554086245023,0.7353131766502674,0.7378712177276611,0.7200375904982118,0.7233533382415771,0.7162691547320439,0.6973371436962714,0.6389183704669663,0.5481065561944954,0.468068541815648,0.4211100940520946,0.407507199048996,0.4151318402244494,0.4224415525794029,0.4276192544744565,0.4388104443120774,0.4382842040978945,0.4343190237708475,0.4350928191480965,0.437618446120849,0.4357277870863333,0.4252163504178707,0.4162682051631225,0.4181476423795196,0.4008667347522883,0.3907639058842054,0.3479869106491862,0.2770089496826298,0.2088368330079475,0.1761868718825994,0.1795653712817992,0.1911044713980393,G2,trailing,chaos,chl,0.27410478659800513,0.0021764484449586885,-0.9738952041318817,-6.127882064032729,2.415470912859476,-0.3714293363799914,2.0440415764794846,0.2575517572390479,4.470193836098202
0.8646682500839233,0.8871197063189287,0.9082296825372256,0.92657666852456,0.9663600646532498,0.9922045652682964,0.9947398676322056,0.9542445159875428,0.9419962181389788,0.9137121634628936,0.8953548917403588,0.8566311927942131,0.8295547939263854,0.8052014754368709,0.7999266651960519,0.8147321907373575,0.8205955999698418,0.8211966927234943,0.8100255679625732,0.7849724194178215,0.7560468778647051,0.7350475457998421,0.7254115705306713,0.7290628139789288,0.70916915442295,0.7131519854068756,0.7038257562197171,0.6803597670335036,0.6231108518747187,0.5339348487470342,0.4519908169141186,0.401800522322838,0.3855070327336972,0.3941752127729929,0.4051284849643707,0.4081577251736934,0.41854300409898,0.4211869058700708,0.4174726762990842,0.4192226097501557,0.4232318339439538,0.4180102235284345,0.4020772203803063,0.3899868510920425,0.3881999221112993,0.3771028745632905,0.3639310993454007,0.3218209082367775,0.2572946264140902,0.1926610508070137,0.1659273741003197,0.1697740880237229,0.1809430883990394,G2,trailing,chaos,chl,0.4197821540114723,0.0017055277264131008,-0.32366773376282365,-6.3721737153846805,2.4154709128594787,-0.3714293363799923,2.0440415764794855,0.34396735148601537,5.970065011067574
0.8575855493545532,0.8806787568789263,0.9143278346611904,0.9345730333837844,0.9714668237245998,0.9898461240988512,0.9933351603838114,0.9590401067183568,0.9543130702644812,0.9271664969793714,0.8902702666245975,0.8670848974814783,0.8131955151374523,0.8036254442655123,0.8043326414548434,0.8190539268346934,0.8289618188349898,0.8264336381967251,0.8099581807851792,0.7851804675964209,0.7559759437347471,0.7342777160497811,0.723527984894239,0.7264522635019742,0.7138380533890706,0.7115730166435241,0.7015777862988986,0.6739103913307191,0.6129428900205176,0.5220695804818838,0.4429725304245951,0.4015546255386792,0.3919079527258873,0.397942741559102,0.4053493350744248,0.4104611102205056,0.4068457803963701,0.408186555138001,0.4091053980748772,0.4061594903469085,0.4084532650617453,0.4025447783113896,0.3847924533944863,0.3710900966463418,0.3646470604043354,0.3552966833114624,0.3442078229339642,0.3074154194972522,0.2378853953432756,0.1714806967197249,0.1524112887423614,0.1606122969553388,0.1712703239529525,G2,trailing,chaos,chl,0.5197705370231782,0.001389810665354137,0.07912340168776544,-6.5771969757447,2.415470912859478,-0.3714293363799923,2.0440415764794864,0.3981001807964227,6.909620782334707
0.872393786907196,0.8887099454036126,0.8842947616026952,0.8865915232032311,0.9528635254273048,0.9762659210425156,0.9941068264154288,0.9180374934123112,0.9105277466409988,0.8909902986679367,0.8683330499208892,0.8334083593808688,0.8105395527986383,0.8121321989939763,0.7887165748156033,0.7970686311905201,0.8073054448518053,0.8005962005028358,0.8061299851307502,0.7923643219929476,0.7691083103993684,0.7495710602173437,0.7415772607693305,0.7490374840222872,0.7377374877874878,0.7282797873020173,0.7299484729766846,0.7125748762717614,0.654664278030396,0.581420422513823,0.4996440514922146,0.4352160219962779,0.4182476033384983,0.4251044855667995,0.433127111196518,0.4484296466295536,0.453143442841782,0.4526242350156491,0.4588992591105201,0.4665641836051283,0.4754483101459649,0.483190504298813,0.4734084514471201,0.4650568218751885,0.4600330046538649,0.4500095189763949,0.4483480150900579,0.3998870946666745,0.3163375515362305,0.2397158756224129,0.1963560651431138,0.1925882229517246,0.2077599977967383,G2,trailing,chaos,chl,0.09888393300686543,0.002778403539001922,-2.2096873010306646,-5.883096512313485,2.4154709128594787,-0.3714293363799923,2.0440415764794864,0.12417687676292019,2.155274400152192
0.8695630431175232,0.8845655500888825,0.915822924558933,0.9342993111100816,0.9669338657305788,0.9856742813036992,0.9960742336053114,0.9585316768059364,0.944492219058612,0.9179744497510316,0.8933383524417879,0.8577388552518992,0.8385199193771067,0.815597147666491,0.8132037116931035,0.8299259818517245,0.835099445116566,0.8394456363641298,0.8263528411205,0.8049979443733509,0.7834838285869613,0.7604264103449306,0.7493576265298403,0.7563115651790913,0.7431762092871684,0.7463259160518646,0.7503167482522818,0.730660919042734,0.6766788207567659,0.5909767829138658,0.5033655869273043,0.4479844517432725,0.4326901169923636,0.4370113384265166,0.4439404383301735,0.4591703072190284,0.4680751030015763,0.4727616239052552,0.4755391534489233,0.4797279916960618,0.4826934241331541,0.4809523074106238,0.4712456682553658,0.4589369937606242,0.4550636800084534,0.4466031765708557,0.4364486730646811,0.3943251262907779,0.3171736080756126,0.2395295905541641,0.1973846265296826,0.2022050117281662,0.2171639700159716,G2,trailing,chaos,chl,0.06675384940957024,0.00278796373131952,-2.637657028375715,-5.879651937680157,2.415470912859478,-0.3714293363799914,2.0440415764794864,0.17389871576296148,3.0182708735606583
0.8646315336227417,0.8888237150815818,0.91778700030767,0.9324276893193484,0.9715273013481726,0.9869168895941516,0.9953540714887472,0.9677348155241746,0.9528583392842126,0.9255561419115724,0.8962033634002393,0.8593302708405716,0.8368215171190407,0.8216765674260946,0.8182074977801396,0.8314484458703261,0.8393940789819224,0.8395973952916952,0.8262327143779169,0.8057358326820228,0.7834593849292594,0.7601629568980288,0.7480589096362774,0.7530360781229459,0.7419820199524306,0.7428295969963074,0.7378368496894836,0.7196415117153755,0.6646211715844965,0.5754555909112953,0.4917279213666919,0.4435000537679744,0.4296681839686174,0.4330348766767061,0.4421011134982109,0.4514094687425173,0.4591164835568132,0.4608917912611595,0.462263629696835,0.4639405721220477,0.4660096867726399,0.4634910287528202,0.4518242919674287,0.4389785689184035,0.4403001356627293,0.4317759941403682,0.4155898773578847,0.3747103839998499,0.2959657085352924,0.2219224569897997,0.1858786683658073,0.1944894379582899,0.2081559717198441,G2,trailing,chaos,chl,0.12117298508939406,0.002015172464780028,-1.9813689272307977,-6.205033291127834,2.4154709128594787,-0.3714293363799923,2.0440415764794855,0.20251030282114296,3.5148675245777183
0.8803713321685791,0.8952204814324012,0.8804082508270558,0.8808765388627089,0.9450338409497188,0.9735084643730748,0.9936021062043996,0.915349626999635,0.9050567031816672,0.8794148641688222,0.8499545331184682,0.8320404630440933,0.8125257973487566,0.8129077599598812,0.7954803292567912,0.798180660376182,0.8003461973087208,0.7928093550296931,0.7988622099161147,0.7806742732341473,0.7546169065140389,0.7418975710868835,0.7358421307343703,0.7420482910596407,0.7317927767490519,0.7231807827949523,0.7118775211847745,0.6984911143779755,0.6438173018969027,0.5663438544419533,0.4799565766866395,0.4085436604343926,0.389359810260626,0.3995909933860485,0.4089282393455506,0.4314335589225476,0.4350204710987793,0.4405468589984453,0.4504895422650479,0.4561255368693122,0.4627773841986289,0.4672999460806791,0.4541139694360586,0.4455365456383804,0.444730792009054,0.4427164093806193,0.4361295609866977,0.3888037447956785,0.3060793421049221,0.2291424727759597,0.1891599215310195,0.1803025187089526,0.1945993047906977,G2,trailing,chaos,chl,0.14969463001947975,0.0020068684438561027,-1.736998124598164,-6.209170875065382,2.4154709128594796,-0.3714293363799914,2.0440415764794864,0.18931309746780325,3.285810395802372
0.8694191575050354,0.8854433454000032,0.9137787089898036,0.9297345344346898,0.9702379786051236,0.9891671547522912,0.996835610958246,0.9524107955969296,0.9458841499481492,0.9176225284583698,0.8911306537114659,0.859297666182885,0.8376430112581986,0.8146278074154487,0.8168815126785866,0.8343078760000375,0.8363453345409231,0.8425029484125284,0.8300508132347695,0.8072000191761898,0.7858820679565194,0.7628442250765285,0.7504876223894266,0.7576465762578524,0.7447727765616786,0.7481044709682465,0.7444841568286602,0.7294676427657788,0.6780791823680588,0.5895678460369622,0.4992295934603768,0.4387443296038186,0.4218720219456233,0.4283283050243671,0.4349047690629959,0.4589420377061917,0.4642745648078992,0.471691149014693,0.4784962547464845,0.4835513100541871,0.4843971960819684,0.4797829485487663,0.4676767925803478,0.4542517542153939,0.4536747383203543,0.4456363478532204,0.4375062812105447,0.3949507269366032,0.3161973816224891,0.2365046713886588,0.197168828484199,0.1974271886992729,0.2115630074136558,G2,trailing,chaos,chl,0.059415449529649944,0.0023962481927277918,-2.7619472585483686,-6.031451894023132,2.4154709128594796,-0.3714293363799914,2.0440415764794864,0.1874212829645804,3.252975141164607
0.8682664036750793,0.8889741186912243,0.921261554956436,0.9279599822204532,0.9716789511533882,0.9882583077137288,0.996281928741015,0.9667334739978496,0.9583108998436964,0.9253598328765114,0.8944921924517706,0.8618263354668251,0.8360120287308325,0.8221353989381057,0.8206807164045481,0.8343962114590865,0.8410976135592664,0.8410928400663229,0.8267911924765662,0.8063305430687391,0.784622826631465,0.7583606518231903,0.7456922425673558,0.7528030964044424,0.7437483042592746,0.7447504758834839,0.7379303363653329,0.7205033022623796,0.6641912946334256,0.5745462371015001,0.4901387042724173,0.4380661356907623,0.4227794289588928,0.4264723343344835,0.4340299844741822,0.4495337282235805,0.4566483244128611,0.459642804815219,0.4629406644695106,0.4655429844198556,0.4674305883737711,0.4645329097221637,0.4492439965789135,0.4324245970139557,0.436599588371328,0.428177463893707,0.4124778920206529,0.374320199092229,0.2950775921344751,0.2188698559771094,0.1818672870196601,0.1898677069907901,0.2057120032123222,G2,trailing,chaos,chl,0.09518291973134331,0.0014820650334812487,-2.2519322909067028,-6.512835706451783,2.415470912859478,-0.3714293363799923,2.0440415764794864,0.21397391130814958,3.7138355011405695
0.8678562045097351,0.8926102541960202,0.9191382009249468,0.934058858693101,0.9666423962666436,0.9937399295660166,0.9957992989283342,0.9619359332781572,0.9598500087061,0.9221805434190592,0.887806478371987,0.8540326301868146,0.8222995813076311,0.8060531093524053,0.7995566487312317,0.8151783585548401,0.8265491671083517,0.8254586247297434,0.8107926260966523,0.7863327938776751,0.7615929577341412,0.7373730063438414,0.7223695346942315,0.7244984232462369,0.7144869860561415,0.7155498027801513,0.7092172934458806,0.6879904953333048,0.6298589605551503,0.539255488878009,0.4549213395668913,0.3996624846871081,0.380795291524667,0.3890775908644382,0.3984026849269867,0.4138786062598228,0.4226338568775133,0.4212728617283014,0.4191963239876247,0.4200646301795696,0.4230429690617781,0.4222732597383959,0.4093866285223227,0.3889547994082001,0.3892629839679747,0.3821798800275876,0.3681040167580161,0.3338907279959125,0.2646199680607888,0.1922615290373219,0.1564502503680086,0.1635761111974716,0.1782976420332188,G2,trailing,chaos,chl,0.34488356412242893,0.001875676560793195,-0.6416061197658646,-6.276908414376271,2.415470912859478,-0.3714293363799923,2.0440415764794864,0.3425526993503931,5.945511619063294
0.8707873225212097,0.890536614564749,0.9178353836903206,0.9321675919394456,0.9673831169421856,0.9899895961468036,0.9942191545779888,0.956696245762018,0.9510894281263568,0.9143912255309012,0.8848031209065365,0.8491616854300866,0.8065615663161644,0.7951115466081179,0.7885986878321721,0.8032180868662321,0.8137818501262591,0.8118367215761771,0.7974046665888568,0.7717504831460806,0.7446011753616186,0.7209285176717316,0.7056526780128479,0.7078374257454505,0.6957946552170647,0.6938721239566803,0.6880642065635094,0.6644836572500376,0.6077293836153475,0.5164395404044696,0.4290178806735922,0.373287631685917,0.3557055450402773,0.3669637588354257,0.3771884843707085,0.3843643852151357,0.3925340522751497,0.3886525367314999,0.3857493625518463,0.3902756540939726,0.3961192076022808,0.3927128832230622,0.3802619226849996,0.3651174378806147,0.3615841384820097,0.3539785897502533,0.3404428236100864,0.3026384954479917,0.2365442408227367,0.1718257024484574,0.1427580867804786,0.1468976694962074,0.1544785770191543,G2,trailing,chaos,chl,0.6202408565076816,0.0016918100960622573,0.4905706619907214,-6.380263017643977,2.4154709128594787,-0.3714293363799923,2.0440415764794855,0.4655364442987327,8.080077441877997
0.8639162182807922,0.882067026083286,0.9155686277609604,0.934378049300827,0.972041918681218,0.9795848167859592,0.9951084141547863,0.9549439517351296,0.9477061146998224,0.915189332179441,0.8882974684238434,0.8567070667560285,0.7945059010615718,0.800863142655446,0.7936811382953937,0.8068456654365246,0.8154123372552938,0.8135500403550955,0.7976386902424006,0.7710361228539394,0.7440573133556999,0.7177459001541135,0.7054348496290354,0.7115290430875925,0.696059916439641,0.6929437637329101,0.6876624006491441,0.66030856187527,0.6007815095094537,0.5084218656879733,0.4223674045159269,0.369213699033627,0.3569927933124396,0.373533700291927,0.3812942549586296,0.3837734073400497,0.3905288531405715,0.3898421195837167,0.3842210169039467,0.3839850569593495,0.3886799612870583,0.3844621020486984,0.3715038775251462,0.3607901495763626,0.3559102136284912,0.3499112443282055,0.3357970176757066,0.2968530321486606,0.2307360864233691,0.1666605135718523,0.1401159250644888,0.1404429996150663,0.1433904116181121,G2,trailing,chaos,chl,0.6573975540027046,0.0014208951346735671,0.6517182151313851,-6.555046323878692,2.415470912859476,-0.3714293363799923,2.0440415764794846,0.48404791720453544,8.401371588606779
0.8553810119628906,0.8791652789482703,0.9110132625469796,0.9348324687426326,0.9717185735702514,0.992042222389808,0.994412838954192,0.9569154372582068,0.950116401865282,0.922017599790151,0.8897039954478925,0.8595125931959887,0.8027384028984952,0.8038683616198026,0.80130543250304,0.8138364732265472,0.8217417853219169,0.8196199788497045,0.8026444714802964,0.7742474833360086,0.7479322041784014,0.7250534983781666,0.7111360902969653,0.7140932963444636,0.7015728815762019,0.6966428756713867,0.6889509980495159,0.661458017734381,0.5993709931006803,0.5069195315298907,0.4246951798980056,0.3737632731978708,0.3601840355075323,0.3738813879398199,0.3822671234607697,0.391228570158665,0.3937925674677808,0.3937529330070202,0.3895187723910672,0.3869067060536352,0.3891964823007584,0.3840672897881474,0.3716702335155927,0.3620755521730445,0.3555718215032555,0.3444697393820836,0.3326623220553342,0.2960881241436661,0.2295151969482153,0.1660016929852093,0.141610244281904,0.1428597447858459,0.1453712681358344,G2,trailing,chaos,chl,0.686239378624901,0.0013705560591336088,0.7825961724289835,-6.591167242780745,2.4154709128594796,-0.3714293363799923,2.044041576479488,0.47896898602642135,8.313219183475644
0.8548503518104553,0.8766543420461508,0.9049248282725996,0.9278667091413308,0.9649472300822916,0.9878729059146,0.993742592059649,0.9531064579120048,0.939126135283754,0.916749531531152,0.8850522073415611,0.8565758833518397,0.8077805248590614,0.789419995362942,0.7929194551247817,0.8072249747239626,0.8129457244541655,0.8100946249870153,0.7928736542279905,0.7626410736487462,0.735159765339266,0.7163534769645103,0.7030592079345996,0.703091717683352,0.6885831682618093,0.6841715395450592,0.6752811074256897,0.6479914270914519,0.583059601600354,0.4903438431549803,0.408877619986351,0.3652853550819249,0.3568310488875096,0.3637028891306657,0.3694458514451981,0.3767389700962947,0.3785495635878537,0.3792930277494283,0.3750402978781996,0.3692543486068989,0.3700440182135655,0.3667963482867712,0.3558116950667822,0.3481065490465055,0.342687814514299,0.3328825635405688,0.3193163910588084,0.2828067317319554,0.2190686176563126,0.1579360771224872,0.1335479960816116,0.1388053373358715,0.1455020539148557,G2,trailing,chaos,chl,0.7944305457542479,0.0016541649139601388,1.351841609644056,-6.402803446652838,2.415470912859478,-0.3714293363799923,2.0440415764794864,0.54037694315004,9.379045619156296
0.901346743106842,0.9043207860909976,0.90645322066087,0.9183472822640688,0.947664268200214,0.9765434852013222,0.9947553611718692,0.9070798250345083,0.9191092521179725,0.8744361973900832,0.8516109911295083,0.8264165649047266,0.8105134322093088,0.8001449727095091,0.7772818693747886,0.7938806432944078,0.8097782494018437,0.80508228127773,0.7938606709241868,0.7617851775426132,0.7425721860760427,0.7275266463939959,0.7158524531584519,0.7238828007991497,0.7050450085680147,0.6961231648921966,0.6928475820101224,0.6866541477350089,0.636145925521851,0.5473327497412875,0.444058687641071,0.3690115959598466,0.3484824134753301,0.3550966266256112,0.3689666450023652,0.3909724314625447,0.3962615040983733,0.4013326509640767,0.4119707838100491,0.4269916692684437,0.4417216539382934,0.442901662368884,0.4333181232213974,0.4309296238011328,0.4239263804022836,0.4202730691203705,0.4124045904112043,0.3647161718757671,0.2849748967022725,0.2085770478193785,0.1703882941341034,0.1620913065713027,0.1676304449980286,G2,trailing,chaos,chl,0.37595172703236107,0.005269739023818789,-0.5067669763067858,-5.24049076567948,2.4154709128594796,-0.3714293363799914,2.0440415764794873,0.3373933254085816,5.855963010115519
0.8859987854957581,0.896838697561851,0.931405047269968,0.9499922554001552,0.9655691642027634,0.9920168950007512,0.9964092057484848,0.9446393338533547,0.946684461968546,0.9030966026182397,0.8726732762960289,0.8445561684094943,0.8219711344975693,0.8012541871804457,0.7989294263032767,0.8228891395605528,0.8319830153439496,0.8351759232007541,0.8118159791597955,0.7789816840336874,0.758206413059161,0.7383069350169253,0.7226728233007285,0.7260218693659856,0.7109675327480067,0.7135599851608276,0.7151670685181251,0.7046384779306558,0.6534471585200387,0.5581364348473677,0.4540133291712179,0.3845200743812779,0.3653354886632699,0.3706694507828125,0.3790442451834679,0.4036047608806536,0.4128621448958971,0.420101043352714,0.4271575902156903,0.4387653233676121,0.4479419100743073,0.4448067415719745,0.4340164592632881,0.4274777554232499,0.4220891038805132,0.4157948503127465,0.4051330781531058,0.3625015382337386,0.2884270552246044,0.2122251799622713,0.172827199101448,0.1688494824472515,0.1765760890711313,G2,trailing,chaos,chl,0.2574438165408143,0.004030108816401731,-1.0592970276664064,-5.509923650209753,2.415470912859477,-0.3714293363799914,2.0440415764794846,0.3077319960171654,5.341146519490991
0.9174139499664308,0.9040600946316352,0.9316858970201932,0.9588303993676456,0.9404421338668236,0.9685918606244605,0.9835366597542397,0.8842419578478886,0.9277481172831004,0.8576668496350299,0.8461821629450869,0.8080584801160372,0.7967827847370738,0.7717786252498627,0.7405376782784094,0.7773325044375199,0.8136441461367958,0.8092105847138625,0.7760034194359415,0.7276396519862689,0.7187258946389304,0.6993868488531843,0.6796745002269745,0.6903740295997033,0.6596207945282888,0.6502269208431244,0.6605503641642058,0.6637382759497716,0.6146753916373624,0.5129307218438365,0.3917190689306998,0.3138378244179944,0.2920991295805343,0.2929706840560986,0.3127436682581902,0.3324587186941733,0.3402588382306227,0.3435284775037032,0.3543317099869022,0.3786283402607359,0.4035588706915194,0.4059182963837152,0.4021005917053956,0.4084128096870993,0.3920892432503317,0.3847378376584788,0.3760807659205804,0.3282897137819121,0.2535771148643268,0.1789651625001109,0.1418736948135712,0.1323445828139096,0.1300856444228197,G2,trailing,chaos,chl,0.7546488379413301,0.019758761478419016,1.1235620268847293,-3.9042016909907997,2.415470912859479,-0.3714293363799914,2.0440415764794877,0.5672340812627403,9.845191199111317
0.8992853164672852,0.9034425515394944,0.9459243568090292,0.9680305109679244,0.9512407642144424,0.9868173553393438,0.9875556922875918,0.9282237007067754,0.9396585185109207,0.8777113079114729,0.84366071499311,0.8190748269741353,0.7959182743842789,0.7782361012238723,0.7694987618006193,0.801247127698018,0.8195241496369646,0.8187207244909727,0.7819255484984474,0.7388597901050862,0.7183296013062525,0.7014158322260928,0.6820561895003685,0.6806208262076744,0.6629445134908303,0.6645695269107819,0.6738812180665823,0.6682494493631216,0.6173023874943077,0.5148026895249028,0.3973675834444858,0.3182590331022554,0.2939923006754655,0.297543902351306,0.3081365749239922,0.3317124434388601,0.3463401844675057,0.3528556074087436,0.3595113495072185,0.3790067948144058,0.3987807166117888,0.399233270308067,0.3915998683525966,0.3915260869196093,0.3796806382265127,0.3755320761066217,0.3614902054441384,0.3191855353413869,0.2517819096302158,0.1808681002179323,0.1412608870715473,0.1328053388787412,0.1332313059847017,G2,trailing,chaos,chl,0.7228437484338553,0.007470642706018663,0.9586116509924413,-4.889275557528782,2.4154709128594787,-0.3714293363799914,2.0440415764794864,0.5642956946453368,9.794191128733232
0.8829353451728821,0.9042499060814198,0.9268220621805924,0.943589356109386,0.970176508793464,0.9869041021053608,0.994273654314188,0.9502478113541236,0.9376142730239698,0.9001954743880354,0.8603307678149298,0.8194692354935867,0.7941557444058933,0.7897284581111028,0.7827050291574918,0.7965854282562549,0.8041909560273514,0.8036502209993509,0.782345686050562,0.7575203189483056,0.7277829805856506,0.7002625107765196,0.6802144852968363,0.6783832430839538,0.6695724339777482,0.6752288520336152,0.6695624314821683,0.6544032206902137,0.6008206312473008,0.5068702389454021,0.4087113919166422,0.3355304301931305,0.3062896080888235,0.3084757057520059,0.3149512529373169,0.338291110098362,0.3543133753926362,0.3607235165742727,0.3632748076742179,0.3747437812131027,0.3894915585334484,0.3969608699453288,0.3886514265949909,0.3789382775624593,0.3716038963347102,0.3651637418912007,0.3584023832818098,0.3108458211823897,0.2434183321465016,0.1815296812304133,0.1397113628771113,0.1380139325542011,0.1406686554923368,G2,trailing,chaos,chl,0.7587333605879577,0.0034759806167730055,1.1457477026041016,-5.6583966120234575,2.4154709128594796,-0.3714293363799914,2.0440415764794873,0.5553772226620229,9.63939778189452
0.8779163360595703,0.893358834890219,0.9202913366831266,0.940556425174684,0.9687268147101769,0.9845628866782554,0.9934153061646682,0.9518951571904696,0.9406740588086254,0.9087728707844976,0.8705378835017865,0.8297756011669454,0.7989748762204095,0.785357461984341,0.7809450580523564,0.7956734748987051,0.8020390504575604,0.803132362319873,0.7816908036287016,0.7542070622627552,0.724184627008254,0.6976625635073733,0.6820621389609116,0.6808387958086454,0.6652701426283154,0.6736446022987366,0.6675533945743853,0.6482087717606472,0.5898047263805687,0.495977181356072,0.4024381090815255,0.3377664405565994,0.3151437104894565,0.3221171242686418,0.3313425183296203,0.3464521859700863,0.3589140904132434,0.3643413846309368,0.3669378450318771,0.3727342332231587,0.3797570588497015,0.3839212758787746,0.3750061031717521,0.3648388584454854,0.3629912654102077,0.3524541485768098,0.3472815295288844,0.3017969990142002,0.2352082016824301,0.1732256116766581,0.1354939631575368,0.1372411925902311,0.1392945823084805,G2,trailing,chaos,chl,0.7516799045790388,0.002627313270425639,1.1075919532660516,-5.9391627544161665,2.4154709128594796,-0.3714293363799914,2.0440415764794864,0.5655340715638514,9.815685002148244
0.8796399235725403,0.8906174600124359,0.9153416899534372,0.9372934967506932,0.9700308726384088,0.9892109614152174,0.9943467644544748,0.9530525537637564,0.933604148053031,0.9111257013473802,0.8762497044526615,0.8316270479789148,0.8063965393946718,0.7838440477848053,0.779904292179988,0.7934016511990474,0.8003883449267236,0.8002369713324767,0.7800312154568161,0.7504525044789682,0.7216862161647399,0.6975301458285403,0.6798916417818802,0.6764501709204453,0.6630018396852575,0.6684292495250702,0.6621884749485896,0.6394315774624164,0.5793566226959233,0.4859692070675993,0.3932539795453735,0.3335855391163091,0.3145658071224506,0.3205284385727002,0.3291157409548759,0.3446681924737417,0.3576766933061154,0.3607458740472793,0.3603365477245886,0.3650902561072646,0.3720681584798372,0.372496142127048,0.3632744785684806,0.3555985213011161,0.3492966548921505,0.3386368677020073,0.3268786554592321,0.2891605039665981,0.2233434326347257,0.1578595455578916,0.1277010645217822,0.1277648083780004,0.1328508059183756,G2,trailing,chaos,chl,0.8206485027597331,0.0026473557684158987,1.5207473326287144,-5.931543094168646,2.4154709128594796,-0.3714293363799914,2.0440415764794864,0.6067416348084346,10.530903555464468
0.8714092969894409,0.8919717256839459,0.9160961458316216,0.9367464885456872,0.9727533780611476,0.9976498246192932,0.9963539192309746,0.955377277961144,0.9315962855142492,0.9132189673321848,0.8798842150431414,0.8346138413135823,0.7875897861444036,0.783208364706773,0.7794731516104478,0.7936248252025018,0.8000122966913643,0.7952156607921307,0.775681510109168,0.7487514541699336,0.7214905348063436,0.701355414207165,0.6809076277109292,0.675088083744049,0.661780239521772,0.6626250386238098,0.6578007468810448,0.632425578740927,0.5686209266002366,0.4743038422759922,0.3855414830721345,0.3248265593097758,0.3104673206806184,0.3233837270965943,0.3244821816682816,0.3354165614797519,0.3479843353174656,0.3529824215632218,0.3490720173179875,0.3518868623108699,0.3615893609248675,0.3607237856278474,0.3558532263223941,0.3551635831251912,0.3446513823165748,0.3305695424859341,0.3157085201977768,0.2777331669554398,0.2146458377440765,0.1495713457979003,0.1182791456523069,0.113552114144824,0.1250614119386764,G2,trailing,chaos,chl,0.8737491941561585,0.0021322307777774238,1.934522920209044,-6.148452026582121,2.4154709128594787,-0.3714293363799923,2.0440415764794855,0.6481722918455636,11.24999423338586
0.8698496222496033,0.8905636979983403,0.9146468712733342,0.9329988260305564,0.9702243676552404,0.9847151499528152,0.995360320348006,0.9494769596136532,0.9307075911805832,0.9036486485532224,0.8744599603689635,0.8308203266217159,0.788823881974587,0.7706246710740603,0.7657028244091915,0.781539983015794,0.7868124235090602,0.7816871186861625,0.7598204502692592,0.7288698262893237,0.69606836076869,0.6673313645216133,0.646342461842757,0.6451204914313096,0.6273919236614329,0.6320770919322968,0.6288759304926945,0.6052432344510006,0.5426491242188678,0.446604675716824,0.3564034236165197,0.3015339082250227,0.2829630262576617,0.2824752212716983,0.2876825630664826,0.3012269409803244,0.3125413064755699,0.3177749211971576,0.316516010468947,0.3192090433219384,0.3287793237429398,0.3300852528933821,0.3261341870977328,0.3236361481677527,0.3113754770764902,0.3048087670252873,0.2853630646435236,0.2540067852228536,0.1908961143986927,0.1327995304517817,0.1059333891019053,0.109032394300247,0.1091067796408901,G2,trailing,chaos,chl,0.9537050666545343,0.0029823286913537254,3.025321945079303,-5.812064058883264,2.4154709128594813,-0.37142933637999054,2.044041576479488,0.8036729504971671,13.948939460027942
