source,band,wave,mean,std
NIMS_E6,0,0.7,0.8921216704823949,0.0266065471742457
NIMS_E6,1,0.725,0.9146565775613528,0.024231521439444768
NIMS_E6,2,0.75,0.940241673329213,0.02797546273928955
NIMS_E6,3,0.775,0.9515648943594739,0.04295347987983242
NIMS_E6,4,0.8,0.9714326124001427,0.055070246154780775
NIMS_E6,5,0.8250000000000001,0.964946680226346,0.05366948210750221
NIMS_E6,6,0.8500000000000001,0.9737022516901759,0.04260806112003942
NIMS_E6,7,0.8750000000000001,0.9462170334171077,0.03961273986732626
NIMS_E6,8,0.9000000000000001,0.9283999508100641,0.032219069756219916
NIMS_E6,9,0.9250000000000002,0.8610436567623722,0.06369912907581927
NIMS_E6,10,0.9500000000000002,0.8465057417618171,0.04961062090681001
NIMS_E6,11,0.9750000000000002,0.7765257100183994,0.03637551008010302
NIMS_E6,12,1.0000000000000002,0.7718595819915655,0.03267266441019513
NIMS_E6,13,1.0250000000000004,0.7734670168737612,0.025858466353197024
NIMS_E6,14,1.0500000000000003,0.7750744517559569,0.025173814805368563
NIMS_E6,15,1.0750000000000002,0.788021461783088,0.02742852482705959
NIMS_E6,16,1.1000000000000003,0.8013919414214409,0.03161664607871197
NIMS_E6,17,1.1250000000000004,0.7939694478292062,0.0327785335639472
NIMS_E6,18,1.1500000000000004,0.7839244170727536,0.04196568488456574
NIMS_E6,19,1.1750000000000003,0.7530178994632232,0.044322081108310256
NIMS_E6,20,1.2000000000000004,0.7171541968589019,0.04544908738197702
NIMS_E6,21,1.2250000000000005,0.6887356039204482,0.04324509060026761
NIMS_E6,22,1.2500000000000004,0.6630987003077036,0.0410007193398242
NIMS_E6,23,1.2750000000000004,0.6343622615982816,0.033585967024923453
NIMS_E6,24,1.3000000000000005,0.6426949544037126,0.031134164445713187
NIMS_E6,25,1.3250000000000006,0.6540320554973285,0.030232120430734703
NIMS_E6,26,1.3500000000000005,0.6514523737323588,0.03168546145998866
NIMS_E6,27,1.3750000000000004,0.6463003956096418,0.03505677003397664
NIMS_E6,28,1.4000000000000006,0.5759775390807392,0.032712803115070854
NIMS_E6,29,1.4250000000000007,0.4855233640912859,0.03548790182204023
NIMS_E6,30,1.4500000000000006,0.3790750312305893,0.03681000715082195
NIMS_E6,31,1.4750000000000005,0.2651000358422473,0.03793324714224545
NIMS_E6,32,1.5000000000000007,0.22349240730645042,0.03985918805624714
NIMS_E6,33,1.5250000000000008,0.23012969000568342,0.041051531356636466
NIMS_E6,34,1.5500000000000007,0.23930312484080887,0.039564672199757144
NIMS_E6,35,1.5750000000000006,0.2696953176528608,0.038263782044279916
NIMS_E6,36,1.6000000000000008,0.305045288809748,0.0376583709938122
NIMS_E6,37,1.6250000000000009,0.32222884647293487,0.038590047041484034
NIMS_E6,38,1.6500000000000008,0.3319200415087769,0.040288781343954395
NIMS_E6,39,1.6750000000000007,0.3633985443520989,0.03801265632732131
NIMS_E6,40,1.7000000000000008,0.4080052967717227,0.03558898628815959
NIMS_E6,41,1.7250000000000008,0.43210933524458517,0.03500521685311638
NIMS_E6,42,1.7500000000000009,0.43874809887391025,0.03423182621455748
NIMS_E6,43,1.775000000000001,0.4412042413027539,0.03303222282194601
NIMS_E6,44,1.800000000000001,0.43867059001874203,0.03135993057735783
NIMS_E6,45,1.8250000000000008,0.43896219035071027,0.027318830383856473
NIMS_E6,46,1.850000000000001,0.41199284353413695,0.025803092245242024
NIMS_E6,47,1.875000000000001,0.361829027174002,0.02494293660747478
NIMS_E6,48,1.900000000000001,0.289792993450335,0.02312508159305242
NIMS_E6,49,1.925000000000001,0.19517345074155923,0.020166279747145945
NIMS_E6,50,1.950000000000001,0.13107326912317657,0.019025441526529484
NIMS_E6,51,1.9750000000000012,0.11199669941042317,0.019688238670534028
NIMS_E6,52,2.000000000000001,0.10087423338185594,0.021216140959565182
NIMS_E6,53,2.0250000000000012,0.10696887785956467,0.023117930882517884
NIMS_E6,54,2.050000000000001,0.11761335437455611,0.024892256725110275
NIMS_E6,55,2.075000000000001,0.14366340252455853,0.026050669829985447
NIMS_E6,56,2.1000000000000014,0.16828057783736558,0.02668156259409052
NIMS_E6,57,2.125000000000001,0.1936874635657617,0.024401614207765064
NIMS_E6,58,2.1500000000000012,0.2387455214625006,0.023188355994110895
NIMS_E6,59,2.1750000000000016,0.2787760717424676,0.022545884219586657
NIMS_E6,60,2.200000000000001,0.30253113126306075,0.02338520044129589
NIMS_E6,61,2.2250000000000014,0.320937738158786,0.024847345061685195
NIMS_E6,62,2.2500000000000013,0.30855460426811415,0.024399346037220656
NIMS_E6,63,2.2750000000000012,0.2949230046013476,0.026558717946870234
NIMS_E6,64,2.3000000000000016,0.2602458389947051,0.027261400184983454
NIMS_E6,65,2.325000000000001,0.22556867338806133,0.028541435585845067
NIMS_E6,66,2.3500000000000014,0.20339486632444786,0.02616409573109742
NIMS_E6,67,2.3750000000000018,0.18168798966285615,0.02393100152070776
NIMS_E6,68,2.4000000000000012,0.17087912430873917,0.022850961431905608
NIMS_E6,69,2.4250000000000016,0.16161289982463029,0.02191422958150775
NIMS_E6,70,2.4500000000000015,0.15234667534052102,0.020987656593421052
NIMS_E6,71,2.4750000000000014,0.143080450856412,0.02007264934580042
NIMS_E6,72,2.5000000000000018,0.13381422637230297,0.019170863975817683
NIMS_E6,73,2.5250000000000012,0.12454800188819379,0.01828425690978161
NIMS_E6,74,2.5500000000000016,0.11528177740408488,0.017415146489485528
NIMS_E6,75,2.575000000000002,0.10601555291997573,0.016566286702255677
NIMS_E6,76,2.6000000000000014,0.09674932843586666,0.01574095404656837
NIMS_E6,77,2.6250000000000018,0.08748310395175762,0.014943047374440434
NIMS_E6,78,2.6500000000000017,0.07821687946764845,0.014177198126467576
NIMS_E6,79,2.6750000000000016,0.06895065498353957,0.013448883966456522
NIMS_E6,80,2.700000000000002,0.048410250220721776,0.010595124718832316
NIMS_E6,81,2.7250000000000014,0.023397963894841504,0.007042826272573436
NIMS_E6,82,2.7500000000000018,0.012220670126501467,0.0047161280974540925
NIMS_E6,83,2.775000000000002,0.009522887925687187,0.004512623516171677
NIMS_E6,84,2.8000000000000016,0.0076890040847450184,0.0047235898770059395
NIMS_E6,85,2.825000000000002,0.006639882876052966,0.003903202666497653
NIMS_E6,86,2.8500000000000023,0.005590761667360953,0.0031172840890338234
NIMS_E6,87,2.8750000000000018,0.0045416404586688984,0.002399939256339601
NIMS_E6,88,2.900000000000002,0.0034922683526455744,0.001833858970578621
NIMS_E6,89,2.9250000000000016,0.0024423914291003272,0.001589445105131971
NIMS_E6,90,2.950000000000002,0.0015097131196233717,0.001709049070410855
NIMS_E6,91,2.9750000000000023,0.0016529209590065925,0.001583841032343568
NIMS_E6,92,3.0000000000000018,0.002399052186892366,0.0013067515203768116
NIMS_E6,93,3.025000000000002,0.0035845467780269624,0.0011878338117802627
NIMS_E6,94,3.0500000000000025,0.005329231104205402,0.001475268479020687
NIMS_E6,95,3.075000000000002,0.006580364556667275,0.00196092392459571
NIMS_E6,96,3.1000000000000023,0.006873428666032148,0.0020455619071522552
NIMS_E6,97,3.1250000000000018,0.007052655297197132,0.002225830545574584
NIMS_E6,98,3.150000000000002,0.006879172364759207,0.0021413651825570746
NIMS_E6,99,3.1750000000000025,0.006672033588212231,0.0020996289707218116
NIMS_E6,100,3.200000000000002,0.0062648295161280235,0.002037255494291007
NIMS_E6,101,3.2250000000000023,0.005882159918853809,0.002024054967332538
NIMS_E6,102,3.2500000000000027,0.006015234236012948,0.0018864134003255502
NIMS_E6,103,3.275000000000002,0.006079015309238092,0.0018174809002998306
NIMS_E6,104,3.3000000000000025,0.006236079444805873,0.0018573493363268998
NIMS_E6,105,3.325000000000002,0.007232691141457473,0.0020567129135546157
NIMS_E6,106,3.3500000000000023,0.008229302838109069,0.0029965485013427858
NIMS_E6,107,3.3750000000000027,0.009423500055176288,0.0022834649823400793
NIMS_E6,108,3.400000000000002,0.010617697272243537,0.0024486874075419557
NIMS_E6,109,3.4250000000000025,0.011968488292289095,0.0025887961269979837
NIMS_E6,110,3.450000000000003,0.013336678623776728,0.002843981366184196
NIMS_E6,111,3.4750000000000023,0.01417934943575062,0.0027382203449452186
NIMS_E6,112,3.5000000000000027,0.01489064036784605,0.0027269373352050387
NIMS_E6,113,3.525000000000002,0.01783300957713333,0.0028019989391585413
NIMS_E6,114,3.5500000000000025,0.019317796192394526,0.0027638163286053757
NIMS_E6,115,3.575000000000003,0.020522414352468498,0.0027748389097225377
NIMS_E6,116,3.6000000000000023,0.021204459651048467,0.002822085044567836
NIMS_E6,117,3.6250000000000027,0.021749263592064336,0.0030729287101914833
NIMS_E6,118,3.650000000000003,0.0219004815045093,0.003059889380929049
NIMS_E6,119,3.6750000000000025,0.021876519508283985,0.003223810921977981
NIMS_E6,120,3.700000000000003,0.021587442410520522,0.00323016405141235
NIMS_E6,121,3.7250000000000023,0.021112604391271134,0.0032084941872100145
NIMS_E6,122,3.7500000000000027,0.020502372378797405,0.003254176745015737
NIMS_E6,123,3.775000000000003,0.019747794704125743,0.0032801267588339713
NIMS_E6,124,3.8000000000000025,0.019050520662113636,0.003128295730911126
NIMS_E6,125,3.825000000000003,0.01830504887143915,0.003198594367860356
NIMS_E6,126,3.850000000000003,0.017454730305325898,0.0029852643163522053
NIMS_E6,127,3.8750000000000027,0.0165629707736947,0.002944677072912923
NIMS_E6,128,3.900000000000003,0.01562410313596181,0.0030450565157670844
NIMS_E6,129,3.9250000000000025,0.014640846821205809,0.0031301739394654993
NIMS_E6,130,3.950000000000003,0.013580032268574146,0.0031005194990399217
NIMS_E6,131,3.975000000000003,0.012662691358824137,0.003195763012323884
NIMS_E6,132,4.000000000000003,0.012153698509583453,0.003210916314009373
NIMS_E6,133,4.025000000000003,0.011586194911145943,0.0033707280291063496
NIMS_E6,134,4.050000000000003,0.010702133156797555,0.003189330041118997
NIMS_E6,135,4.075000000000003,0.009948215791998886,0.0031943921767208765
NIMS_E6,136,4.100000000000003,0.011143813066328641,0.003995054066006536
NIMS_E6,137,4.125000000000003,0.01102843912658522,0.003848350202736319
NIMS_E6,138,4.150000000000003,0.010848382341404963,0.0037938728512993294
NIMS_E6,139,4.175000000000003,0.010257399244037867,0.0036143365332765116
NIMS_E6,140,4.200000000000003,0.00965816437875752,0.0036533079620573337
NIMS_E6,141,4.225000000000003,0.008809313534102805,0.0034158474700853063
NIMS_E6,142,4.2500000000000036,0.007960462689448118,0.003858070186211809
NIMS_E6,143,4.275000000000003,0.008220966763802223,0.003448045991872702
NIMS_E6,144,4.300000000000003,0.008572716480845347,0.0035575669904648623
NIMS_E6,145,4.325000000000003,0.007977723743261757,0.003381242337571205
NIMS_E6,146,4.350000000000003,0.007169249863948631,0.003388435939915754
NIMS_E6,147,4.3750000000000036,0.007169160696002537,0.00348263652222199
NIMS_E6,148,4.400000000000003,0.007150593838679494,0.003338444129884411
NIMS_E6,149,4.425000000000003,0.00708669450106009,0.0031641971436219382
NIMS_E6,150,4.450000000000004,0.00716874127470945,0.0030933709906135263
NIMS_E6,151,4.475000000000003,0.007292916822745674,0.0030801741902582815
NIMS_E6,152,4.5000000000000036,0.00757210589207832,0.003105427308143404
NIMS_E6,153,4.525000000000003,0.007928337609719973,0.003177283263683659
NIMS_E6,154,4.550000000000003,0.008293594491683,0.0033010484315707635
NIMS_E6,155,4.575000000000004,0.008665942574184272,0.003479420979714993
NIMS_E6,156,4.600000000000003,0.009024533364152782,0.003628755229559499
NIMS_E6,157,4.6250000000000036,0.0093664449587497,0.0037596157969377454
NIMS_E6,158,4.650000000000004,0.009560219596680884,0.0037787867972060127
NIMS_E6,159,4.675000000000003,0.009806613305708846,0.0038403691380850353
NIMS_E6,160,4.700000000000004,0.01027271673287503,0.004169197998245972
NIMS_E6,161,4.725000000000004,0.010721133860293733,0.004280536404775778
NIMS_E6,162,4.7500000000000036,0.011151579425065797,0.004165245139843082
NIMS_E6,163,4.775000000000004,0.011742143648256537,0.004172671120186175
NIMS_E6,164,4.800000000000003,0.012589564885993824,0.004293023072140303
NIMS_E6,165,4.825000000000004,0.013226730831963499,0.004495102482592703
NIMS_E6,166,4.850000000000004,0.013312357534310973,0.004452946255758925
NIMS_E6,167,4.8750000000000036,0.013487249859461432,0.004588302367139623
NIMS_E6,168,4.900000000000004,0.014117179139875922,0.004755004947509298
NIMS_E6,169,4.925000000000004,0.014691016518501323,0.005173453386297324
NIMS_E6,170,4.950000000000004,0.014620639073959957,0.005256851532806603
NIMS_E6,171,4.975000000000004,0.015227285622493448,0.005492640174562834
NIMS_E6,172,5.000000000000004,0.015747424847577907,0.005872603670357936
NIMS_E6,173,5.025000000000004,0.01591270750096339,0.0061471231870971225
NIMS_E6,174,5.050000000000004,0.016067450377945557,0.00648137117521789
NIMS_E6,175,5.075000000000004,0.016107259502720097,0.0064911077422862215
NIMS_E6,176,5.100000000000004,0.016147068627494637,0.006551126970383424
NIMS_E6,177,5.125000000000004,0.016194893902167894,0.006488956215782773
NIMS_E6,178,5.150000000000004,0.016242916295281278,0.006464468946004722
NIMS_E6,179,5.175000000000004,0.016285079562280688,0.006476246788461291
NIMS_E6,180,5.200000000000004,0.016326320559428818,0.006497728597601362
NIMS_E15,0,0.7,0.5078923915211042,0.2932149675009706
NIMS_E15,1,0.725,0.4990501233489613,0.29259052855541035
NIMS_E15,2,0.75,0.48727607726652356,0.28531614667716454
NIMS_E15,3,0.775,0.5148840732448751,0.306086039841178
NIMS_E15,4,0.8,0.4828158652003609,0.2841640997429769
NIMS_E15,5,0.8250000000000001,0.5043031505253744,0.29897754534219356
NIMS_E15,6,0.8500000000000001,0.4816203317935995,0.27760877213071905
NIMS_E15,7,0.8750000000000001,0.504327651440972,0.2892452217304055
NIMS_E15,8,0.9000000000000001,0.45713033816726606,0.2641979448326965
NIMS_E15,9,0.9250000000000002,0.46773349650097046,0.2632925140540613
NIMS_E15,10,0.9500000000000002,0.4809671592393618,0.27202493598388555
NIMS_E15,11,0.9750000000000002,0.4310302799493311,0.23451137643587927
NIMS_E15,12,1.0000000000000002,0.5292909606780133,0.25930279575761167
NIMS_E15,13,1.0250000000000004,0.5267963638266645,0.2951888115332023
NIMS_E15,14,1.0500000000000003,0.5154370838959098,0.2776540912695426
NIMS_E15,15,1.0750000000000002,0.5040778039651552,0.2618281325839954
NIMS_E15,16,1.1000000000000003,0.49271852403440036,0.24803823151986998
NIMS_E15,17,1.1250000000000004,0.48135924410364583,0.23664060143593843
NIMS_E15,18,1.1500000000000004,0.4699999641728912,0.22799430008181418
NIMS_E15,19,1.1750000000000003,0.4586406842421365,0.22242042208620505
NIMS_E15,20,1.2000000000000004,0.44728140431138186,0.22015245654225743
NIMS_E15,21,1.2250000000000005,0.4359221243806271,0.2212920711447907
NIMS_E15,22,1.2500000000000004,0.4303225727361013,0.22516457168457443
NIMS_E15,23,1.2750000000000004,0.4109688357016235,0.209537983317809
NIMS_E15,24,1.3000000000000005,0.4126648757108942,0.20953357667010886
NIMS_E15,25,1.3250000000000006,0.437386182237513,0.22750596292471698
NIMS_E15,26,1.3500000000000005,0.43312092865694607,0.22726104941040984
NIMS_E15,27,1.3750000000000004,0.4215556171876225,0.22288316712708292
NIMS_E15,28,1.4000000000000006,0.4179970193988357,0.21156012055144735
NIMS_E15,29,1.4250000000000007,0.3911770810572889,0.18465723400199247
NIMS_E15,30,1.4500000000000006,0.3388986904568264,0.13857460734591479
NIMS_E15,31,1.4750000000000005,0.2987311261542292,0.10431231563933799
NIMS_E15,32,1.5000000000000007,0.29063993746186384,0.09977575302854304
NIMS_E15,33,1.5250000000000008,0.28418683544098633,0.09805135625344198
NIMS_E15,34,1.5500000000000007,0.2944678014477648,0.10010971238456018
NIMS_E15,35,1.5750000000000006,0.30095424900108886,0.1031481888473303
NIMS_E15,36,1.6000000000000008,0.31834114044803374,0.11950428692271936
NIMS_E15,37,1.6250000000000009,0.32324987509702335,0.12185131292876049
NIMS_E15,38,1.6500000000000008,0.30985222936311974,0.11508557520811966
NIMS_E15,39,1.6750000000000007,0.33322336139531766,0.13070037221988862
NIMS_E15,40,1.7000000000000008,0.3537491004069736,0.1484082286377321
NIMS_E15,41,1.7250000000000008,0.35265598723355185,0.15349592765456854
NIMS_E15,42,1.7500000000000009,0.34888839178799796,0.1462203001188801
NIMS_E15,43,1.775000000000001,0.3610329479709841,0.15382495336383825
NIMS_E15,44,1.800000000000001,0.34712496955195266,0.14829498809461897
NIMS_E15,45,1.8250000000000008,0.34320745801745406,0.14662721652559368
NIMS_E15,46,1.850000000000001,0.354399044785444,0.15508116651048268
NIMS_E15,47,1.875000000000001,0.33442515132936723,0.13192746694433752
NIMS_E15,48,1.900000000000001,0.3083813777106234,0.10546702682899399
NIMS_E15,49,1.925000000000001,0.26580190626352984,0.08366352071495084
NIMS_E15,50,1.950000000000001,0.24474362185342846,0.07721318428599817
NIMS_E15,51,1.9750000000000012,0.24658055993749248,0.07578778668036439
NIMS_E15,52,2.000000000000001,0.24214593501704512,0.0760340201362965
NIMS_E15,53,2.0250000000000012,0.2385009545268794,0.07613020491925067
NIMS_E15,54,2.050000000000001,0.25482673364736935,0.07655792933504027
NIMS_E15,55,2.075000000000001,0.25032386318315375,0.07796415231751304
NIMS_E15,56,2.1000000000000014,0.261174829529653,0.08231949933864766
NIMS_E15,57,2.125000000000001,0.27798556115193385,0.08552189882290923
NIMS_E15,58,2.1500000000000012,0.2969635926530044,0.08855255814708209
NIMS_E15,59,2.1750000000000016,0.31418354467544074,0.10465977880480944
NIMS_E15,60,2.200000000000001,0.3141144288448397,0.10595396233684719
NIMS_E15,61,2.2250000000000014,0.31273601063732087,0.10564967821383356
NIMS_E15,62,2.2500000000000013,0.3263507053914193,0.11671302803049168
NIMS_E15,63,2.2750000000000012,0.31487330418370385,0.11023938656715537
NIMS_E15,64,2.3000000000000016,0.30890127485641194,0.1009399239081222
NIMS_E15,65,2.325000000000001,0.30847026775352465,0.10042271538239043
NIMS_E15,66,2.3500000000000014,0.28844999667819554,0.09142111157373385
NIMS_E15,67,2.3750000000000018,0.2763573232502273,0.08624113121670139
NIMS_E15,68,2.4000000000000012,0.2801094527362437,0.08877301575292494
NIMS_E15,69,2.4250000000000016,0.27826865375680165,0.0848536908457354
NIMS_E15,70,2.4500000000000015,0.276862881832703,0.08509724641440676
NIMS_E15,71,2.4750000000000014,0.27586252971827213,0.08332899649194632
NIMS_E15,72,2.5000000000000018,0.27486217760384124,0.08185927303027433
NIMS_E15,73,2.5250000000000012,0.2738618254894104,0.0807043872499188
NIMS_E15,74,2.5500000000000016,0.27286147337497946,0.07987799620279903
NIMS_E15,75,2.575000000000002,0.2718611212605486,0.07939035866535403
NIMS_E15,76,2.6000000000000014,0.2708607691461177,0.07924772827218704
NIMS_E15,77,2.6250000000000018,0.26986041703168684,0.07945196309243023
NIMS_E15,78,2.6500000000000017,0.2674795157820021,0.07838131255021676
NIMS_E15,79,2.6750000000000016,0.2612337703458245,0.07921802681552689
NIMS_E15,80,2.700000000000002,0.2310960605536779,0.08102250696743438
NIMS_E15,81,2.7250000000000014,0.22379734556978087,0.0852351560287671
NIMS_E15,82,2.7500000000000018,0.21621799317157175,0.10332216245885135
NIMS_E15,83,2.775000000000002,0.19949924900945887,0.1027655401667213
NIMS_E15,84,2.8000000000000016,0.19893962377540844,0.10264713893422532
NIMS_E15,85,2.825000000000002,0.19756938241205324,0.10523839316282112
NIMS_E15,86,2.8500000000000023,0.19245082369868716,0.10597301849712688
NIMS_E15,87,2.8750000000000018,0.1979698454414706,0.10612751444918474
NIMS_E15,88,2.900000000000002,0.19701543628476959,0.10370934771329474
NIMS_E15,89,2.9250000000000016,0.21751524236716968,0.11196634029157172
NIMS_E15,90,2.950000000000002,0.22089864899068265,0.10949348259081038
NIMS_E15,91,2.9750000000000023,0.22195906550077948,0.11068792430917564
NIMS_E15,92,3.0000000000000018,0.22215253652909348,0.11052820429993805
NIMS_E15,93,3.025000000000002,0.22464295715309468,0.11106538060048485
NIMS_E15,94,3.0500000000000025,0.220713070178004,0.11195586114810475
NIMS_E15,95,3.075000000000002,0.2259558331425519,0.11244254882621206
NIMS_E15,96,3.1000000000000023,0.23023094721026638,0.11370267500789748
NIMS_E15,97,3.1250000000000018,0.22924415166245984,0.10865557108237345
NIMS_E15,98,3.150000000000002,0.22363684871467168,0.11207733448703976
NIMS_E15,99,3.1750000000000025,0.22494229013200598,0.11453954475860142
NIMS_E15,100,3.200000000000002,0.22766242670872966,0.1106997088633488
NIMS_E15,101,3.2250000000000023,0.22453703740089068,0.10889694014132247
NIMS_E15,102,3.2500000000000027,0.19627200032506734,0.10536832997982967
NIMS_E15,103,3.275000000000002,0.20743188710613125,0.10449781088344824
NIMS_E15,104,3.3000000000000025,0.20318712439842754,0.10557183143115755
NIMS_E15,105,3.325000000000002,0.20108765617594515,0.10208880238031204
NIMS_E15,106,3.3500000000000023,0.21092765716914824,0.10284763499263619
NIMS_E15,107,3.3750000000000027,0.20794633857706832,0.1002672092517813
NIMS_E15,108,3.400000000000002,0.2016885693951154,0.09795793717209983
NIMS_E15,109,3.4250000000000025,0.21209091631071098,0.10323736875528164
NIMS_E15,110,3.450000000000003,0.2087007886745026,0.10256473223636875
NIMS_E15,111,3.4750000000000023,0.21536288243480228,0.10278341341991362
NIMS_E15,112,3.5000000000000027,0.20340188337549073,0.10037470959772482
NIMS_E15,113,3.525000000000002,0.2125807274740749,0.10453044166941323
NIMS_E15,114,3.5500000000000025,0.23318770249356655,0.10935377272922639
NIMS_E15,115,3.575000000000003,0.23713712031484452,0.10636268151263285
NIMS_E15,116,3.6000000000000023,0.22884290497272464,0.10762275407686553
NIMS_E15,117,3.6250000000000027,0.23471870326084238,0.11620452008801607
NIMS_E15,118,3.650000000000003,0.23179776684312572,0.10516259615054056
NIMS_E15,119,3.6750000000000025,0.22858547981279184,0.10440132485189385
NIMS_E15,120,3.700000000000003,0.24729222479207358,0.1114142417753988
NIMS_E15,121,3.7250000000000023,0.2440102112943905,0.10913942072630282
NIMS_E15,122,3.7500000000000027,0.24412516949087423,0.1082219880790827
NIMS_E15,123,3.775000000000003,0.24799648350721337,0.1100381129802464
NIMS_E15,124,3.8000000000000025,0.2438906076935441,0.11637926133265405
NIMS_E15,125,3.825000000000003,0.2446957409371218,0.11686513706808752
NIMS_E15,126,3.850000000000003,0.24576714885457404,0.1140860700984545
NIMS_E15,127,3.8750000000000027,0.2453086446020997,0.10966137483074709
NIMS_E15,128,3.900000000000003,0.2586322970568401,0.11298798167431257
NIMS_E15,129,3.9250000000000025,0.2636013118024586,0.11929226471387709
NIMS_E15,130,3.950000000000003,0.27401958599724435,0.12597564831725389
NIMS_E15,131,3.975000000000003,0.28925792728655175,0.13214850995368543
NIMS_E15,132,4.000000000000003,0.2707341760293474,0.12457452643132286
NIMS_E15,133,4.025000000000003,0.2570270160237634,0.11444075429252681
NIMS_E15,134,4.050000000000003,0.28435312495662324,0.12983483964284273
NIMS_E15,135,4.075000000000003,0.28569156878520585,0.12189833526545908
NIMS_E15,136,4.100000000000003,0.2760965733434334,0.12388353004872274
NIMS_E15,137,4.125000000000003,0.27424731339030106,0.11953953699468917
NIMS_E15,138,4.150000000000003,0.2894027014325182,0.12887919209840265
NIMS_E15,139,4.175000000000003,0.29488290571031156,0.13804351186866218
NIMS_E15,140,4.200000000000003,0.29716733519631044,0.1266681987336868
NIMS_E15,141,4.225000000000003,0.2790260513999347,0.12122973520767935
NIMS_E15,142,4.2500000000000036,0.2843547676373984,0.1294247382657014
NIMS_E15,143,4.275000000000003,0.30246598314702516,0.13145148607031326
NIMS_E15,144,4.300000000000003,0.2978189966262165,0.1407094697070308
NIMS_E15,145,4.325000000000003,0.3026696085221949,0.1419481931978855
NIMS_E15,146,4.350000000000003,0.3251979293441175,0.14696446157427012
NIMS_E15,147,4.3750000000000036,0.30121617983748233,0.12562402539568562
NIMS_E15,148,4.400000000000003,0.2492162548824157,0.1425116915010398
NIMS_E15,149,4.425000000000003,0.22796306284812554,0.1192393710255776
NIMS_E15,150,4.450000000000004,0.2336564363489391,0.12004287608662344
NIMS_E15,151,4.475000000000003,0.2646532384765153,0.1454518015979735
NIMS_E15,152,4.5000000000000036,0.2555747027604048,0.1252169015454177
NIMS_E15,153,4.525000000000003,0.26080143204426137,0.1680560505345318
NIMS_E15,154,4.550000000000003,0.31750335893459636,0.17070776754273148
NIMS_E15,155,4.575000000000004,0.29545489046413265,0.16151428584023927
NIMS_E15,156,4.600000000000003,0.2645413059632438,0.15475123963342888
NIMS_E15,157,4.6250000000000036,0.24591690503622307,0.12652915172979737
NIMS_E15,158,4.650000000000004,0.26208711004273133,0.14462106975923666
NIMS_E15,159,4.675000000000003,0.2964223337342253,0.15037877379969536
NIMS_E15,160,4.700000000000004,0.24531786451580948,0.13187064445876878
NIMS_E15,161,4.725000000000004,0.2527593436068509,0.12818669311894854
NIMS_E15,162,4.7500000000000036,0.2920693012385455,0.1376661217638404
NIMS_E15,163,4.775000000000004,0.2874648560649407,0.1793875684925411
NIMS_E15,164,4.800000000000003,0.2482402172332951,0.12721706457452056
NIMS_E15,165,4.825000000000004,0.29288963011348,0.1761972350213865
NIMS_E15,166,4.850000000000004,0.2918562727768124,0.16412340261601602
NIMS_E15,167,4.8750000000000036,0.25707615054405447,0.14249837710410987
NIMS_E15,168,4.900000000000004,0.3349783829920847,0.20876242939503672
NIMS_E15,169,4.925000000000004,0.3327958572943287,0.20121574137715736
NIMS_E15,170,4.950000000000004,0.3183678521038438,0.17035886081353152
NIMS_E15,171,4.975000000000004,0.30731602004020336,0.16599316624633706
NIMS_E15,172,5.000000000000004,0.2832321653538947,0.1445908490549282
NIMS_E15,173,5.025000000000004,0.3308540734282919,0.16982442799766412
NIMS_E15,174,5.050000000000004,0.3495275798322555,0.16665799545709384
NIMS_E15,175,5.075000000000004,0.2792157167489638,0.1513506600773671
NIMS_E15,176,5.100000000000004,0.319470871956596,0.15959313850084528
NIMS_E15,177,5.125000000000004,0.42638342165500454,0.22056672278636902
NIMS_E15,178,5.150000000000004,0.3408238134519965,0.21725330967547307
NIMS_E15,179,5.175000000000004,0.3427219681561931,0.17133526737913485
NIMS_E15,180,5.200000000000004,0.45829434303041117,0.2758273010974874
NIMS_G2,0,0.7,0.8681096355870085,0.015569940838816495
NIMS_G2,1,0.725,0.88592647142784,0.01205899832604982
NIMS_G2,2,0.75,0.9097841715086008,0.016490410618291953
NIMS_G2,3,0.775,0.9233119799736063,0.02539203871632738
NIMS_G2,4,0.8,0.9594322098529908,0.020263862089750652
NIMS_G2,5,0.8250000000000001,0.9774314375159011,0.026089120840208126
NIMS_G2,6,0.8500000000000001,0.9923443933962393,0.008469781457139952
NIMS_G2,7,0.8750000000000001,0.9442752226430203,0.01833764109082318
NIMS_G2,8,0.9000000000000001,0.9376079806861867,0.01784626929688033
NIMS_G2,9,0.9250000000000002,0.9067550758094381,0.02348879402334967
NIMS_G2,10,0.9500000000000002,0.8747595860494414,0.030060264105353077
NIMS_G2,11,0.9750000000000002,0.8466790752244792,0.03252073541209954
NIMS_G2,12,1.0000000000000002,0.8223360580958543,0.016634037104106623
NIMS_G2,13,1.0250000000000004,0.8072458792321047,0.016670516507558623
NIMS_G2,14,1.0500000000000003,0.8003079294120278,0.016016975677790514
NIMS_G2,15,1.0750000000000002,0.8156121556575482,0.015358770545168552
NIMS_G2,16,1.1000000000000003,0.8242488152263308,0.01476475291726163
NIMS_G2,17,1.1250000000000004,0.8189420190665475,0.017677901266341448
NIMS_G2,18,1.1500000000000004,0.8061467211071742,0.018049062413594875
NIMS_G2,19,1.1750000000000003,0.781864388293556,0.02256312053682737
NIMS_G2,20,1.2000000000000004,0.7566410671937768,0.026117727383257964
NIMS_G2,21,1.2250000000000005,0.7344159701046991,0.02668933578657798
NIMS_G2,22,1.2500000000000004,0.7210920354624445,0.029290588261667746
NIMS_G2,23,1.2750000000000004,0.7268139179282335,0.02654534665859712
NIMS_G2,24,1.3000000000000005,0.7141753977622041,0.026698590041009617
NIMS_G2,25,1.3250000000000006,0.7135248179705637,0.025760864814059467
NIMS_G2,26,1.3500000000000005,0.7089115636442154,0.027025861459337896
NIMS_G2,27,1.3750000000000004,0.6898232586584523,0.028253347278443666
NIMS_G2,28,1.4000000000000006,0.6316909166482784,0.030171761604972768
NIMS_G2,29,1.4250000000000007,0.542104501661506,0.03421220596284088
NIMS_G2,30,1.4500000000000006,0.45554657805770554,0.03665520054395158
NIMS_G2,31,1.4750000000000005,0.40014980207852935,0.03925981558489986
NIMS_G2,32,1.5000000000000007,0.38355244452401405,0.040869741721586854
NIMS_G2,33,1.5250000000000008,0.38928968361612676,0.040917585063660764
NIMS_G2,34,1.5500000000000007,0.3991685831603015,0.04007776038737908
NIMS_G2,35,1.5750000000000006,0.4096315761976732,0.038024050812042354
NIMS_G2,36,1.6000000000000008,0.419668980588591,0.037545567648438596
NIMS_G2,37,1.6250000000000009,0.42028375354491393,0.03655296787669973
NIMS_G2,38,1.6500000000000008,0.42133894599993005,0.0373445928690756
NIMS_G2,39,1.6750000000000007,0.427081241767439,0.038122755695059754
NIMS_G2,40,1.7000000000000008,0.43230019903840444,0.03756042185244427
NIMS_G2,41,1.7250000000000008,0.4315313921396656,0.039915463390278835
NIMS_G2,42,1.7500000000000009,0.4215686603926436,0.04129401092461126
NIMS_G2,43,1.775000000000001,0.41212423666390635,0.041365124071457086
NIMS_G2,44,1.800000000000001,0.4055806412589461,0.04213538437847591
NIMS_G2,45,1.8250000000000008,0.3988244349966895,0.04171464395775384
NIMS_G2,46,1.850000000000001,0.3871651096289011,0.042972818264249674
NIMS_G2,47,1.875000000000001,0.3458895870606068,0.03907981352277759
NIMS_G2,48,1.900000000000001,0.2713679430755449,0.03252919647304809
NIMS_G2,49,1.925000000000001,0.19875879417050546,0.027942386699232245
NIMS_G2,50,1.950000000000001,0.1660678265447309,0.024279720297199128
NIMS_G2,51,1.9750000000000012,0.16763470600947097,0.024462318931359268
NIMS_G2,52,2.000000000000001,0.17744862498024883,0.027745593980700336
NIMS_G2,53,2.0250000000000012,0.18992776825118124,0.02818223687966507
NIMS_G2,54,2.050000000000001,0.1970214699198071,0.028842530669084668
NIMS_G2,55,2.075000000000001,0.20573168857374435,0.031083327853663096
NIMS_G2,56,2.1000000000000014,0.21605880756483484,0.03267103358801651
NIMS_G2,57,2.125000000000001,0.23195356512258425,0.03331657903114041
NIMS_G2,58,2.1500000000000012,0.23752232678522747,0.03405281030821949
NIMS_G2,59,2.1750000000000016,0.24877441446477636,0.03510224053899709
NIMS_G2,60,2.200000000000001,0.252989082898605,0.03637187395112752
NIMS_G2,61,2.2250000000000014,0.2544341422139902,0.03859112611849321
NIMS_G2,62,2.2500000000000013,0.2496405084240611,0.03698390519261208
NIMS_G2,63,2.2750000000000012,0.2425675781963875,0.04024838028473513
NIMS_G2,64,2.3000000000000016,0.23125395872665738,0.037712207772394146
NIMS_G2,65,2.325000000000001,0.21603263662839178,0.03452147803254772
NIMS_G2,66,2.3500000000000014,0.1998415106544868,0.03340810284748761
NIMS_G2,67,2.3750000000000018,0.1833457382714844,0.033781525008488036
NIMS_G2,68,2.4000000000000012,0.16545277159115135,0.028458907291856208
NIMS_G2,69,2.4250000000000016,0.15530552123293198,0.028960312988795874
NIMS_G2,70,2.4500000000000015,0.13878604931048322,0.02548397283312464
NIMS_G2,71,2.4750000000000014,0.12922190085115673,0.024730721544442582
NIMS_G2,72,2.5000000000000018,0.12591703111038005,0.02375135194062778
NIMS_G2,73,2.5250000000000012,0.12373382994889277,0.02246437191824415
NIMS_G2,74,2.5500000000000016,0.12687578103898764,0.02541064040732429
NIMS_G2,75,2.575000000000002,0.12605996915099324,0.025682986870870252
NIMS_G2,76,2.6000000000000014,0.1225168600731562,0.024699076734656808
NIMS_G2,77,2.6250000000000018,0.11547011293118876,0.02443595849961523
NIMS_G2,78,2.6500000000000017,0.10494935687429092,0.023885619278752417
NIMS_G2,79,2.6750000000000016,0.08858836439763998,0.01871166565691267
NIMS_G2,80,2.700000000000002,0.06846288275432372,0.015561468160013301
NIMS_G2,81,2.7250000000000014,0.04378926770738313,0.010682434953661028
NIMS_G2,82,2.7500000000000018,0.019577248352818627,0.006053531747926309
NIMS_G2,83,2.775000000000002,0.007670881413331827,0.0035301512871914863
NIMS_G2,84,2.8000000000000016,0.004193927273776056,0.0023209131194746138
NIMS_G2,85,2.825000000000002,0.0024939231377225056,0.0016389840002297912
NIMS_G2,86,2.8500000000000023,0.001821876170623433,0.0011468294302476017
NIMS_G2,87,2.8750000000000018,0.0013949510234475763,0.0011174473964185548
NIMS_G2,88,2.900000000000002,0.002147567480177672,0.0015580374580221896
NIMS_G2,89,2.9250000000000016,0.0031563824440604205,0.002609865589812723
NIMS_G2,90,2.950000000000002,0.00508533050597042,0.0037903947845714125
NIMS_G2,91,2.9750000000000023,0.004805588023514819,0.00258835243796927
NIMS_G2,92,3.0000000000000018,0.006677918781990574,0.0034462888797369535
NIMS_G2,93,3.025000000000002,0.007469978863938011,0.0030499369418311465
NIMS_G2,94,3.0500000000000025,0.008616845792852965,0.0028767885265564594
NIMS_G2,95,3.075000000000002,0.009931687564472538,0.004109318107570052
NIMS_G2,96,3.1000000000000023,0.010507807906154834,0.004253657215976772
NIMS_G2,97,3.1250000000000018,0.01064065697779726,0.0037277892845359946
NIMS_G2,98,3.150000000000002,0.011427482793291562,0.0037938876693214218
NIMS_G2,99,3.1750000000000025,0.012240642147703982,0.004019518425682299
NIMS_G2,100,3.200000000000002,0.010608667308739392,0.0034538644622611877
NIMS_G2,101,3.2250000000000023,0.012512724229091608,0.0031660433904462074
NIMS_G2,102,3.2500000000000027,0.010596558647779194,0.003282052371478755
NIMS_G2,103,3.275000000000002,0.010702738680284403,0.0036820300782078167
NIMS_G2,104,3.3000000000000025,0.009556783949469069,0.003623288976319456
NIMS_G2,105,3.325000000000002,0.010298023087980689,0.003969226501066709
NIMS_G2,106,3.3500000000000023,0.009489990854112337,0.0037503512916375525
NIMS_G2,107,3.3750000000000027,0.011235043775113472,0.004741605044712951
NIMS_G2,108,3.400000000000002,0.011249578652715362,0.004106272579128428
NIMS_G2,109,3.4250000000000025,0.0112294482091854,0.004091133252825284
NIMS_G2,110,3.450000000000003,0.010746469603360528,0.004445334839065932
NIMS_G2,111,3.4750000000000023,0.011311270178065278,0.004221271188894937
NIMS_G2,112,3.5000000000000027,0.01249180979888854,0.004161910872466547
NIMS_G2,113,3.525000000000002,0.013289351529179904,0.005069347195431904
NIMS_G2,114,3.5500000000000025,0.01598304641310501,0.005945113639424181
NIMS_G2,115,3.575000000000003,0.016508328070467978,0.005681822478137617
NIMS_G2,116,3.6000000000000023,0.018115515945142567,0.006478469039418491
NIMS_G2,117,3.6250000000000027,0.018591268752539875,0.0064242818519217055
NIMS_G2,118,3.650000000000003,0.01779962616705954,0.0062247625459475805
NIMS_G2,119,3.6750000000000025,0.017561095929016855,0.005640903320968002
NIMS_G2,120,3.700000000000003,0.017866927685490107,0.00583195713721064
NIMS_G2,121,3.7250000000000023,0.018690340559190163,0.007330652278446884
NIMS_G2,122,3.7500000000000027,0.019149859327350454,0.007050925683072839
NIMS_G2,123,3.775000000000003,0.017085471814714523,0.004534233280835028
NIMS_G2,124,3.8000000000000025,0.016276797524263753,0.005681224031919639
NIMS_G2,125,3.825000000000003,0.019487232306007216,0.008815339113888905
NIMS_G2,126,3.850000000000003,0.0184756633476089,0.007113522587955364
NIMS_G2,127,3.8750000000000027,0.017040990880325176,0.006067036148234063
NIMS_G2,128,3.900000000000003,0.016871232895821642,0.0064770006966318305
NIMS_G2,129,3.9250000000000025,0.018096498778452357,0.0071151390623554606
NIMS_G2,130,3.950000000000003,0.020142727159743277,0.010050900357216352
NIMS_G2,131,3.975000000000003,0.01970086443840571,0.009522808366022033
NIMS_G2,132,4.000000000000003,0.02083865769461218,0.010120838546158757
NIMS_G2,133,4.025000000000003,0.020604356920261677,0.010366862347645287
NIMS_G2,134,4.050000000000003,0.015909201204394412,0.008246188213495435
NIMS_G2,135,4.075000000000003,0.017713522892630763,0.007350283485021073
NIMS_G2,136,4.100000000000003,0.01936455268201334,0.0096616336879043
NIMS_G2,137,4.125000000000003,0.01942757817347357,0.0075810807167992714
NIMS_G2,138,4.150000000000003,0.01785005949244187,0.006117806432358548
NIMS_G2,139,4.175000000000003,0.01769843253836377,0.005501593437740146
NIMS_G2,140,4.200000000000003,0.017201578172731075,0.004681024509162498
NIMS_G2,141,4.225000000000003,0.01694406109700164,0.0046710752382456006
NIMS_G2,142,4.2500000000000036,0.01967341290685659,0.006003191327195959
NIMS_G2,143,4.275000000000003,0.02088272902818572,0.007509929192494843
NIMS_G2,144,4.300000000000003,0.01999806459104919,0.007829360393139598
NIMS_G2,145,4.325000000000003,0.021143065424570076,0.007821736057943644
NIMS_G2,146,4.350000000000003,0.02100141813183789,0.008128243733977306
NIMS_G2,147,4.3750000000000036,0.02067297403663908,0.0070441335444644745
NIMS_G2,148,4.400000000000003,0.022948459876663208,0.010053342755790734
NIMS_G2,149,4.425000000000003,0.026249277724139257,0.013356869239891949
NIMS_G2,150,4.450000000000004,0.02712140914004278,0.012396248953691166
NIMS_G2,151,4.475000000000003,0.026906249929283428,0.011491519014499539
NIMS_G2,152,4.5000000000000036,0.02669088796672381,0.011249034784787216
NIMS_G2,153,4.525000000000003,0.026978535614082148,0.011518894421289463
NIMS_G2,154,4.550000000000003,0.02943744058368541,0.012248652042075757
NIMS_G2,155,4.575000000000004,0.03414260845738398,0.016115800217480405
NIMS_G2,156,4.600000000000003,0.037030223116492754,0.01850918565614196
NIMS_G2,157,4.6250000000000036,0.036171464104971664,0.01574796835979377
NIMS_G2,158,4.650000000000004,0.03543713752295309,0.016809591956668986
NIMS_G2,159,4.675000000000003,0.030943255779907156,0.01111023477038601
NIMS_G2,160,4.700000000000004,0.029534571198903313,0.009496343481433857
NIMS_G2,161,4.725000000000004,0.031275268979741665,0.010964487308011937
NIMS_G2,162,4.7500000000000036,0.03408735175635175,0.012722946911093783
NIMS_G2,163,4.775000000000004,0.03723206196768935,0.015833681518651558
NIMS_G2,164,4.800000000000003,0.03710029803011,0.013048655648279393
NIMS_G2,165,4.825000000000004,0.035693050481807084,0.011102588966678545
NIMS_G2,166,4.850000000000004,0.03581324227014899,0.011275622381720276
NIMS_G2,167,4.8750000000000036,0.03598011009280549,0.012458240174722128
NIMS_G2,168,4.900000000000004,0.034079277789652924,0.01137090990646716
NIMS_G2,169,4.925000000000004,0.03866699890596738,0.012442590415482244
NIMS_G2,170,4.950000000000004,0.04205488949348447,0.016502408493021974
NIMS_G2,171,4.975000000000004,0.043400123490565726,0.0156015951391141
NIMS_G2,172,5.000000000000004,0.044317784977468425,0.01668100100054943
NIMS_G2,173,5.025000000000004,0.046509143580994915,0.016381324476509595
NIMS_G2,174,5.050000000000004,0.04871021015044744,0.01737892150886705
NIMS_G2,175,5.075000000000004,0.048174251865738114,0.01628085248262246
NIMS_G2,176,5.100000000000004,0.047760526328049786,0.01662276914692163
NIMS_G2,177,5.125000000000004,0.04823863450442752,0.017899711108413575
NIMS_G2,178,5.150000000000004,0.048505719180239666,0.018540787066070024
NIMS_G2,179,5.175000000000004,0.04875400305832617,0.018801012276765117
NIMS_G2,180,5.200000000000004,0.0490019241349662,0.019146651755577063
NIMS_E11,0,0.7,0.8136142201567488,0.026939414514083614
NIMS_E11,1,0.725,0.8713901913737598,0.026319518623035363
NIMS_E11,2,0.75,0.9246907615008331,0.025691787202810148
NIMS_E11,3,0.775,0.9621984801389322,0.02472467494554135
NIMS_E11,4,0.8,0.9784166070698782,0.023147303550977556
NIMS_E11,5,0.8250000000000001,0.9628141868572095,0.021152570747528722
NIMS_E11,6,0.8500000000000001,0.9426611623787318,0.016953590501301997
NIMS_E11,7,0.8750000000000001,0.9772811312710495,0.014576029884083092
NIMS_E11,8,0.9000000000000001,0.9097559353414514,0.01489285437354575
NIMS_E11,9,0.9250000000000002,0.889355757739915,0.016972820866057628
NIMS_E11,10,0.9500000000000002,0.8308057706754458,0.022569019416927398
NIMS_E11,11,0.9750000000000002,0.7481546084935538,0.022957554622932388
NIMS_E11,12,1.0000000000000002,0.6726457856917704,0.03258787879339942
NIMS_E11,13,1.0250000000000004,0.6712708839050389,0.031816126956416474
NIMS_E11,14,1.0500000000000003,0.6698959821183071,0.03135939197607347
NIMS_E11,15,1.0750000000000002,0.6685210803315755,0.03123149749947837
NIMS_E11,16,1.1000000000000003,0.6671461785448438,0.03143645729657714
NIMS_E11,17,1.1250000000000004,0.6657712767581123,0.031967869791523544
NIMS_E11,18,1.1500000000000004,0.6643963749713807,0.0328098764247106
NIMS_E11,19,1.1750000000000003,0.663021473184649,0.033939368340475194
NIMS_E11,20,1.2000000000000004,0.6616465713979174,0.03532878282710587
NIMS_E11,21,1.2250000000000005,0.6602716696111858,0.03694880930541421
NIMS_E11,22,1.2500000000000004,0.6588967678244542,0.03877055019572984
NIMS_E11,23,1.2750000000000004,0.656032502872811,0.04131048829789752
NIMS_E11,24,1.3000000000000005,0.6441042488607708,0.0418667766928633
NIMS_E11,25,1.3250000000000006,0.6456947163773801,0.04230160918886935
NIMS_E11,26,1.3500000000000005,0.6604984041613169,0.06150882296700246
NIMS_E11,27,1.3750000000000004,0.6482912767116081,0.06421115872132142
NIMS_E11,28,1.4000000000000006,0.6124480169461072,0.06425148666083726
NIMS_E11,29,1.4250000000000007,0.529088181024611,0.062311589058686376
NIMS_E11,30,1.4500000000000006,0.414952221669328,0.06304903609065214
NIMS_E11,31,1.4750000000000005,0.3398447909292834,0.07114809203847454
NIMS_E11,32,1.5000000000000007,0.3177059150280309,0.07457076361723564
NIMS_E11,33,1.5250000000000008,0.3237073406721768,0.07450320398470467
NIMS_E11,34,1.5500000000000007,0.32905230716987033,0.07370249077561626
NIMS_E11,35,1.5750000000000006,0.3371745531954894,0.07790014049896563
NIMS_E11,36,1.6000000000000008,0.3528614391068992,0.07745527428496668
NIMS_E11,37,1.6250000000000009,0.36631129967739523,0.07684832216712467
NIMS_E11,38,1.6500000000000008,0.35469698198189525,0.07696357117879393
NIMS_E11,39,1.6750000000000007,0.36396662076618025,0.0745988115694503
NIMS_E11,40,1.7000000000000008,0.3767504484014934,0.06872436712802292
NIMS_E11,41,1.7250000000000008,0.37880673184911495,0.0662697162127208
NIMS_E11,42,1.7500000000000009,0.37063328282793634,0.06375002385384444
NIMS_E11,43,1.775000000000001,0.3594576780671205,0.06331039076645024
NIMS_E11,44,1.800000000000001,0.350701902066996,0.06322668994106934
NIMS_E11,45,1.8250000000000008,0.36737844120283775,0.06904083075371298
NIMS_E11,46,1.850000000000001,0.3610385691647017,0.0697423591728634
NIMS_E11,47,1.875000000000001,0.34196928007994504,0.06780490156713907
NIMS_E11,48,1.900000000000001,0.2834780710751089,0.05786034089358034
NIMS_E11,49,1.925000000000001,0.2088935288662667,0.04760436053439199
NIMS_E11,50,1.950000000000001,0.16469456018595904,0.04439321872209719
NIMS_E11,51,1.9750000000000012,0.15661563330628073,0.04704917375130696
NIMS_E11,52,2.000000000000001,0.1604260562956284,0.04972252391858398
NIMS_E11,53,2.0250000000000012,0.16638406478387757,0.05111762809911933
NIMS_E11,54,2.050000000000001,0.1726224413895602,0.05348093779756221
NIMS_E11,55,2.075000000000001,0.1816195315910309,0.05573330462856756
NIMS_E11,56,2.1000000000000014,0.19357816352189147,0.056292925422096844
NIMS_E11,57,2.125000000000001,0.18835234744715493,0.0557487994407799
NIMS_E11,58,2.1500000000000012,0.20795776211639064,0.05735304338848506
NIMS_E11,59,2.1750000000000016,0.21801210607704036,0.057210700333503325
NIMS_E11,60,2.200000000000001,0.22229684544468667,0.0570941486576762
NIMS_E11,61,2.2250000000000014,0.2252373394086782,0.05798510883639612
NIMS_E11,62,2.2500000000000013,0.22486531923767245,0.05801292758600389
NIMS_E11,63,2.2750000000000012,0.21838908064793458,0.05797793574316888
NIMS_E11,64,2.3000000000000016,0.20779876144821482,0.05701210996848879
NIMS_E11,65,2.325000000000001,0.1958259558280649,0.056864560475898406
NIMS_E11,66,2.3500000000000014,0.18307301252516175,0.05396506943803939
NIMS_E11,67,2.3750000000000018,0.16824627471290732,0.05056793605415082
NIMS_E11,68,2.4000000000000012,0.15449278282828852,0.04569791124832474
NIMS_E11,69,2.4250000000000016,0.14903880836674635,0.04487123405286729
NIMS_E11,70,2.4500000000000015,0.14525693012067328,0.044349902428774686
NIMS_E11,71,2.4750000000000014,0.14147505187460027,0.043863871379647895
NIMS_E11,72,2.5000000000000018,0.13769317362852732,0.04341432651018063
NIMS_E11,73,2.5250000000000012,0.13391129538245425,0.0430024121091907
NIMS_E11,74,2.5500000000000016,0.13012941713638132,0.042629219029189244
NIMS_E11,75,2.575000000000002,0.12634753889030828,0.042295772245253174
NIMS_E11,76,2.6000000000000014,0.12256566064423528,0.04200301836249256
NIMS_E11,77,2.6250000000000018,0.1187837823981623,0.04175181337680157
NIMS_E11,78,2.6500000000000017,0.11500190415208925,0.041542911018565665
NIMS_E11,79,2.6750000000000016,0.11122002590601633,0.04137695202036374
NIMS_E11,80,2.700000000000002,0.1014813065182442,0.038877787887520734
NIMS_E11,81,2.7250000000000014,0.0844395858469197,0.03542503135999145
NIMS_E11,82,2.7500000000000018,0.0633068211034857,0.031127336140834704
NIMS_E11,83,2.775000000000002,0.049282388148752014,0.02991956585867026
NIMS_E11,84,2.8000000000000016,0.044338555430283325,0.030051078695081557
NIMS_E11,85,2.825000000000002,0.04302670736100348,0.029924680695334476
NIMS_E11,86,2.8500000000000023,0.04315272591102999,0.029988747600408573
NIMS_E11,87,2.8750000000000018,0.043514962662594504,0.02989486894547092
NIMS_E11,88,2.900000000000002,0.04417724167628749,0.029883275226744204
NIMS_E11,89,2.9250000000000016,0.0461870011441699,0.029768904207194184
NIMS_E11,90,2.950000000000002,0.04730758495499952,0.030029233611851107
NIMS_E11,91,2.9750000000000023,0.04463006481080434,0.02998827874337595
NIMS_E11,92,3.0000000000000018,0.04611017972190415,0.03006754929080031
NIMS_E11,93,3.025000000000002,0.04691543332165566,0.029964707357725075
NIMS_E11,94,3.0500000000000025,0.04776054806940581,0.029696543028859136
NIMS_E11,95,3.075000000000002,0.049414298778066496,0.02958380391211629
NIMS_E11,96,3.1000000000000023,0.050581086017654986,0.029797034705429385
NIMS_E11,97,3.1250000000000018,0.05075811050024711,0.029954665884041186
NIMS_E11,98,3.150000000000002,0.051680419433536046,0.030362575776324844
NIMS_E11,99,3.1750000000000025,0.05119194679067085,0.029551126350762867
NIMS_E11,100,3.200000000000002,0.0523145640299719,0.029918919010292165
NIMS_E11,101,3.2250000000000023,0.05156900582467055,0.030259436127951546
NIMS_E11,102,3.2500000000000027,0.05075027832190433,0.03020703241769135
NIMS_E11,103,3.275000000000002,0.05462070554111237,0.03017233626091513
NIMS_E11,104,3.3000000000000025,0.05397061081499734,0.03080674695631135
NIMS_E11,105,3.325000000000002,0.05333834222179666,0.030239112050326433
NIMS_E11,106,3.3500000000000023,0.052729569921387075,0.030493861483105667
NIMS_E11,107,3.3750000000000027,0.052083334706732584,0.03009097664898555
NIMS_E11,108,3.400000000000002,0.05448591535479655,0.029984164077308917
NIMS_E11,109,3.4250000000000025,0.05481429353693321,0.031678853121674774
NIMS_E11,110,3.450000000000003,0.05356184785572005,0.030215111364502157
NIMS_E11,111,3.4750000000000023,0.05466746665060406,0.030471344596901748
NIMS_E11,112,3.5000000000000027,0.055340271754516564,0.030523085788250928
NIMS_E11,113,3.525000000000002,0.05495986378388438,0.030554575964102475
NIMS_E11,114,3.5500000000000025,0.05858542087514264,0.03099540716863061
NIMS_E11,115,3.575000000000003,0.05694023725436572,0.02993878139281399
NIMS_E11,116,3.6000000000000023,0.05829711983302817,0.030985231584622217
NIMS_E11,117,3.6250000000000027,0.060731147802726496,0.03182807516616966
NIMS_E11,118,3.650000000000003,0.06341436723096897,0.03288174322869341
NIMS_E11,119,3.6750000000000025,0.06283118944717547,0.031001607737942524
NIMS_E11,120,3.700000000000003,0.06120878227975807,0.03066013526687226
NIMS_E11,121,3.7250000000000023,0.06156134027622139,0.03063261975279739
NIMS_E11,122,3.7500000000000027,0.06235947300401228,0.030469676326303385
NIMS_E11,123,3.775000000000003,0.062188551703207265,0.0310375679322116
NIMS_E11,124,3.8000000000000025,0.06177340416782248,0.031032703518289722
NIMS_E11,125,3.825000000000003,0.06530141425676943,0.031506255114795684
NIMS_E11,126,3.850000000000003,0.06681853927282627,0.03137977447824955
NIMS_E11,127,3.8750000000000027,0.06749255194440235,0.031114700646449386
NIMS_E11,128,3.900000000000003,0.06708367577532293,0.03202704692425055
NIMS_E11,129,3.9250000000000025,0.06596018459879265,0.03221616605273123
NIMS_E11,130,3.950000000000003,0.06477612355054947,0.03155916789739155
NIMS_E11,131,3.975000000000003,0.06668346136914062,0.0322138348914882
NIMS_E11,132,4.000000000000003,0.0655581352553292,0.033326358734547416
NIMS_E11,133,4.025000000000003,0.0667637626963596,0.03433600529409286
NIMS_E11,134,4.050000000000003,0.06538744051118696,0.032518183043289156
NIMS_E11,135,4.075000000000003,0.06801601560725444,0.033692941092113134
NIMS_E11,136,4.100000000000003,0.06644286054726882,0.03271715722047458
NIMS_E11,137,4.125000000000003,0.06601371276808932,0.03311283782256547
NIMS_E11,138,4.150000000000003,0.0656856397888593,0.03418903177240636
NIMS_E11,139,4.175000000000003,0.06266705606954737,0.03233163280335057
NIMS_E11,140,4.200000000000003,0.06582214242485908,0.03426673821481795
NIMS_E11,141,4.225000000000003,0.06448775624882341,0.03625332773116662
NIMS_E11,142,4.2500000000000036,0.06366617697460675,0.03525565808552368
NIMS_E11,143,4.275000000000003,0.06740218684155824,0.03578633713625752
NIMS_E11,144,4.300000000000003,0.0646841677269167,0.03338535686826888
NIMS_E11,145,4.325000000000003,0.06465452866810627,0.03280019685176592
NIMS_E11,146,4.350000000000003,0.06929651128660878,0.03577903261965575
NIMS_E11,147,4.3750000000000036,0.06917157424261898,0.034990968171506535
NIMS_E11,148,4.400000000000003,0.05997691738906153,0.03549938082137267
NIMS_E11,149,4.425000000000003,0.057506662007189534,0.035644309807052736
NIMS_E11,150,4.450000000000004,0.058492978592605695,0.035556902825001235
NIMS_E11,151,4.475000000000003,0.05871099973885761,0.03565228187740455
NIMS_E11,152,4.5000000000000036,0.05881023224240272,0.035077420503293426
NIMS_E11,153,4.525000000000003,0.06124530503379204,0.03629747355524746
NIMS_E11,154,4.550000000000003,0.06373503857006034,0.03784664480361601
NIMS_E11,155,4.575000000000004,0.06522093402448566,0.03860999894279099
NIMS_E11,156,4.600000000000003,0.07010200124678881,0.0415388745204101
NIMS_E11,157,4.6250000000000036,0.07478690240203145,0.04508938702706096
NIMS_E11,158,4.650000000000004,0.07138795713535404,0.046055295006569213
NIMS_E11,159,4.675000000000003,0.06321865452973703,0.03579032730463821
NIMS_E11,160,4.700000000000004,0.06358006993312007,0.0361985378546304
NIMS_E11,161,4.725000000000004,0.06217558701036173,0.036187087344912126
NIMS_E11,162,4.7500000000000036,0.06155429335317383,0.03643437303963559
NIMS_E11,163,4.775000000000004,0.06125791060590293,0.03739718413271281
NIMS_E11,164,4.800000000000003,0.06355990331313839,0.03678577411079033
NIMS_E11,165,4.825000000000004,0.06564218942454396,0.04027954293001283
NIMS_E11,166,4.850000000000004,0.06787545091334607,0.04360695018506113
NIMS_E11,167,4.8750000000000036,0.07258295370718393,0.05253611505473759
NIMS_E11,168,4.900000000000004,0.06924966122286887,0.04430614595152428
NIMS_E11,169,4.925000000000004,0.0683951749188574,0.04278962973950926
NIMS_E11,170,4.950000000000004,0.07466693538492938,0.046437190175311074
NIMS_E11,171,4.975000000000004,0.06976858701497743,0.04425799537563325
NIMS_E11,172,5.000000000000004,0.07231788125093148,0.040411436098932406
NIMS_E11,173,5.025000000000004,0.07716781115898058,0.04710867643763539
NIMS_E11,174,5.050000000000004,0.07657689441334631,0.052831853694822094
NIMS_E11,175,5.075000000000004,0.08882967892318104,0.07048791252311871
NIMS_E11,176,5.100000000000004,0.08234937479234215,0.06738839633575713
NIMS_E11,177,5.125000000000004,0.09356312167771313,0.07587153525489729
NIMS_E11,178,5.150000000000004,0.0907651352420426,0.07499536276822164
NIMS_E11,179,5.175000000000004,0.08767010581470519,0.06323971754394833
NIMS_E11,180,5.200000000000004,0.09072833655906384,0.061311483698214514
synth_pool,0,0.7,0.9331464097777443,0.05243876039529436
synth_pool,1,0.725,0.9330510534287257,0.051001699373221
synth_pool,2,0.75,0.9328653534143129,0.049665962752617976
synth_pool,3,0.775,0.930273589801068,0.04842011299222436
synth_pool,4,0.8,0.9296690397643114,0.04739607503501442
synth_pool,5,0.8250000000000001,0.9294825670343101,0.046755156855493314
synth_pool,6,0.8500000000000001,0.9292697664314373,0.046121956006150044
synth_pool,7,0.8750000000000001,0.9290099284425648,0.045667022572374615
synth_pool,8,0.9000000000000001,0.9274073311669155,0.04517422097675415
synth_pool,9,0.9250000000000002,0.9245000130933682,0.044753194289061576
synth_pool,10,0.9500000000000002,0.9211615495940833,0.04456742094287309
synth_pool,11,0.9750000000000002,0.9192312695814573,0.04484556401609895
synth_pool,12,1.0000000000000002,0.9201104098359638,0.045198058395752624
synth_pool,13,1.0250000000000004,0.9192062490610612,0.04421619230205317
synth_pool,14,1.0500000000000003,0.9173103086994701,0.04303511699587968
synth_pool,15,1.0750000000000002,0.9140491583614927,0.041351372545080915
synth_pool,16,1.1000000000000003,0.9080302850977058,0.03977757328871929
synth_pool,17,1.1250000000000004,0.9011613301244509,0.038415743384423606
synth_pool,18,1.1500000000000004,0.8941482597054792,0.03724652345781481
synth_pool,19,1.1750000000000003,0.8868939106700998,0.036266429966403946
synth_pool,20,1.2000000000000004,0.8779166936379958,0.03565038023670238
synth_pool,21,1.2250000000000005,0.8689792287642935,0.035408424524814186
synth_pool,22,1.2500000000000004,0.8594182799677201,0.03566577243263427
synth_pool,23,1.2750000000000004,0.8492542185810713,0.03608508993463841
synth_pool,24,1.3000000000000005,0.8381501485424674,0.03667434114091729
synth_pool,25,1.3250000000000006,0.824126806446664,0.037541325200918615
synth_pool,26,1.3500000000000005,0.8055530907014941,0.039432961028465115
synth_pool,27,1.3750000000000004,0.7849298114711886,0.042198735321788326
synth_pool,28,1.4000000000000006,0.764166344862836,0.04573612269422104
synth_pool,29,1.4250000000000007,0.7445809837912591,0.04972624532015195
synth_pool,30,1.4500000000000006,0.7258838239118515,0.05425940691286164
synth_pool,31,1.4750000000000005,0.7089511655666708,0.058626320005440644
synth_pool,32,1.5000000000000007,0.6949555612491575,0.06257596934179926
synth_pool,33,1.5250000000000008,0.6840196130499886,0.06584624446321727
synth_pool,34,1.5500000000000007,0.6787475535361236,0.06768805967764344
synth_pool,35,1.5750000000000006,0.680700564265963,0.0671440156667118
synth_pool,36,1.6000000000000008,0.6875491680223739,0.06510211614555941
synth_pool,37,1.6250000000000009,0.6966912265768584,0.06225720110605652
synth_pool,38,1.6500000000000008,0.7059193128387636,0.05910025419846973
synth_pool,39,1.6750000000000007,0.7137954817072925,0.05573753413640276
synth_pool,40,1.7000000000000008,0.7200015557600276,0.05291284680198379
synth_pool,41,1.7250000000000008,0.7240318356643144,0.050433176655052744
synth_pool,42,1.7500000000000009,0.7261964787470155,0.04843967674194648
synth_pool,43,1.775000000000001,0.7249159012385774,0.04701638143255649
synth_pool,44,1.800000000000001,0.717778882750607,0.046940064458968034
synth_pool,45,1.8250000000000008,0.703612038651561,0.047738720386032524
synth_pool,46,1.850000000000001,0.6859889231622304,0.049204722079790035
synth_pool,47,1.875000000000001,0.6672460280886634,0.05139916316651979
synth_pool,48,1.900000000000001,0.6490299248815057,0.05413164341081116
synth_pool,49,1.925000000000001,0.6316641755063184,0.05671813646028873
synth_pool,50,1.950000000000001,0.6158252273396461,0.05907483033717575
synth_pool,51,1.9750000000000012,0.6025206207633224,0.0608183921508554
synth_pool,52,2.000000000000001,0.5950503595842023,0.06206585969224539
synth_pool,53,2.0250000000000012,0.5950302086005113,0.06191520921858316
synth_pool,54,2.050000000000001,0.6023119909965658,0.06097035420736821
synth_pool,55,2.075000000000001,0.6133970467282542,0.05945605005188663
synth_pool,56,2.1000000000000014,0.6267011462478523,0.057732215349623396
synth_pool,57,2.125000000000001,0.6409427810075315,0.056115864815501196
synth_pool,58,2.1500000000000012,0.6550870354307711,0.054707682203935154
synth_pool,59,2.1750000000000016,0.667273025323326,0.05378257822122983
synth_pool,60,2.200000000000001,0.6763337514585132,0.05376925021415188
synth_pool,61,2.2250000000000014,0.6810307225754059,0.0531655492821239
synth_pool,62,2.2500000000000013,0.6826925911349833,0.0523579803487972
synth_pool,63,2.2750000000000012,0.6808744355462427,0.05132554450444301
synth_pool,64,2.3000000000000016,0.6756379470236378,0.05066785767293436
synth_pool,65,2.325000000000001,0.6687650711316209,0.050029069931172634
synth_pool,66,2.3500000000000014,0.6595915896385509,0.04981010757609766
synth_pool,67,2.3750000000000018,0.6487825262116704,0.04992204177556015
synth_pool,68,2.4000000000000012,0.6381094927344487,0.04973531379395782
synth_pool,69,2.4250000000000016,0.6284488505611923,0.04909016920169178
synth_pool,70,2.4500000000000015,0.619824428751769,0.048279999335953235
synth_pool,71,2.4750000000000014,0.612341689092343,0.04732942246176985
synth_pool,72,2.5000000000000018,0.6062837783553787,0.04636867853337403
synth_pool,73,2.5250000000000012,0.6002614193799011,0.04550994832485161
synth_pool,74,2.5500000000000016,0.5929024176020345,0.044496824045525775
synth_pool,75,2.575000000000002,0.5851423927704519,0.04333562653661875
synth_pool,76,2.6000000000000014,0.5757003892959974,0.042226605351861124
synth_pool,77,2.6250000000000018,0.5642818793003894,0.041450655861824455
synth_pool,78,2.6500000000000017,0.5508347801624185,0.04085369616611274
synth_pool,79,2.6750000000000016,0.5372531702942107,0.041124618653733944
synth_pool,80,2.700000000000002,0.5225345067893973,0.04160177229580868
synth_pool,81,2.7250000000000014,0.5069086544009312,0.04203904183993522
synth_pool,82,2.7500000000000018,0.49185975488683026,0.043158989937968545
synth_pool,83,2.775000000000002,0.47686171406557076,0.044426843944400454
synth_pool,84,2.8000000000000016,0.4621063160061586,0.0449046096668613
synth_pool,85,2.825000000000002,0.4494724398293257,0.04544852521095837
synth_pool,86,2.8500000000000023,0.4388281256993405,0.04567112569620933
synth_pool,87,2.8750000000000018,0.43087498658696993,0.045920969565033366
synth_pool,88,2.900000000000002,0.42789912100748934,0.044328329527289274
synth_pool,89,2.9250000000000016,0.4251733554805858,0.04261143801188428
synth_pool,90,2.950000000000002,0.4233882802788802,0.040994672254720456
synth_pool,91,2.9750000000000023,0.4224798546855086,0.03886637423402862
synth_pool,92,3.0000000000000018,0.42310104110192104,0.036444108731916856
synth_pool,93,3.025000000000002,0.4262141990968678,0.034089259324841845
synth_pool,94,3.0500000000000025,0.431984572458732,0.031915554652520356
synth_pool,95,3.075000000000002,0.4405735829929748,0.02978449092606242
synth_pool,96,3.1000000000000023,0.4519357621517403,0.02796601453657758
synth_pool,97,3.1250000000000018,0.46165176647167316,0.026453918115390475
synth_pool,98,3.150000000000002,0.4741549385084278,0.024495996601420125
synth_pool,99,3.1750000000000025,0.48918042697402514,0.022636975055894328
synth_pool,100,3.200000000000002,0.5066142588185741,0.02134614070502531
synth_pool,101,3.2250000000000023,0.5257707496951984,0.021036814017941805
synth_pool,102,3.2500000000000027,0.5459613563475044,0.02199045612822282
synth_pool,103,3.275000000000002,0.5668165303932157,0.024090663787061435
synth_pool,104,3.3000000000000025,0.5880706089155076,0.02740635575478659
synth_pool,105,3.325000000000002,0.6092218435985604,0.0312754143896161
synth_pool,106,3.3500000000000023,0.6304157880638096,0.03524398309678017
synth_pool,107,3.3750000000000027,0.6523717355927953,0.03842523122613384
synth_pool,108,3.400000000000002,0.6744066678571504,0.04088550770841133
synth_pool,109,3.4250000000000025,0.6960284831289685,0.04273843009916708
synth_pool,110,3.450000000000003,0.7174822171438356,0.043790156683872844
synth_pool,111,3.4750000000000023,0.7379653131133876,0.04434229962016668
synth_pool,112,3.5000000000000027,0.7573694528637218,0.044357096463635656
synth_pool,113,3.525000000000002,0.7756398791444129,0.04380784866305958
synth_pool,114,3.5500000000000025,0.7918023695451321,0.043115400368931106
synth_pool,115,3.575000000000003,0.8061239621347179,0.04224745819206817
synth_pool,116,3.6000000000000023,0.8188008517847762,0.04108779377089401
synth_pool,117,3.6250000000000027,0.8294684339057139,0.039836940776698374
synth_pool,118,3.650000000000003,0.838524044733068,0.03861907343706157
synth_pool,119,3.6750000000000025,0.8459458921701914,0.03745627203384347
synth_pool,120,3.700000000000003,0.8520724571237757,0.03654614197824141
synth_pool,121,3.7250000000000023,0.8564893585119753,0.03578711491926384
synth_pool,122,3.7500000000000027,0.8597820129385779,0.03529748772577809
synth_pool,123,3.775000000000003,0.8627670834698695,0.03494894020937557
synth_pool,124,3.8000000000000025,0.8645989733119799,0.03477574116756038
synth_pool,125,3.825000000000003,0.8649894697525916,0.034995057147150434
synth_pool,126,3.850000000000003,0.8655940200049694,0.03524027690257775
synth_pool,127,3.8750000000000027,0.8653649627763335,0.03568243808388374
synth_pool,128,3.900000000000003,0.8647996141132908,0.036275929256878746
synth_pool,129,3.9250000000000025,0.8638289252845264,0.03663879005811391
synth_pool,130,3.950000000000003,0.8623546254407319,0.03717195733542449
synth_pool,131,3.975000000000003,0.8602526566661511,0.03755474193295811
synth_pool,132,4.000000000000003,0.8572504732428488,0.03788854685962726
synth_pool,133,4.025000000000003,0.855272874297794,0.03771644656142395
synth_pool,134,4.050000000000003,0.852934191734459,0.03729861443679578
synth_pool,135,4.075000000000003,0.8493602752438347,0.037012546702934974
synth_pool,136,4.100000000000003,0.8456357286726289,0.03653838708121336
synth_pool,137,4.125000000000003,0.8412633409895719,0.035870091469375885
synth_pool,138,4.150000000000003,0.8360725758998248,0.035515269890624694
synth_pool,139,4.175000000000003,0.8310572191285546,0.03473904874480029
synth_pool,140,4.200000000000003,0.8244292820873416,0.034466177021147994
synth_pool,141,4.225000000000003,0.8185340500425649,0.0337456096266702
synth_pool,142,4.2500000000000036,0.8104225606034929,0.03359291788745606
synth_pool,143,4.275000000000003,0.8026931592378045,0.03338975320623402
synth_pool,144,4.300000000000003,0.7954909573751169,0.03278181223418738
synth_pool,145,4.325000000000003,0.7882563039354085,0.03226266327213155
synth_pool,146,4.350000000000003,0.7810381559846609,0.03206553743515786
synth_pool,147,4.3750000000000036,0.7749338363795907,0.031664789749655003
synth_pool,148,4.400000000000003,0.7690420536761479,0.03151191000181953
synth_pool,149,4.425000000000003,0.7658975818068405,0.03117690330896482
synth_pool,150,4.450000000000004,0.7633605386577259,0.0310873295830025
synth_pool,151,4.475000000000003,0.7631070939223179,0.03134499852572037
synth_pool,152,4.5000000000000036,0.7640623519786522,0.03196839739407715
synth_pool,153,4.525000000000003,0.7653660540063755,0.03223330812861634
synth_pool,154,4.550000000000003,0.7682340700745972,0.032573597068784425
synth_pool,155,4.575000000000004,0.7726217889156333,0.03304451519720944
synth_pool,156,4.600000000000003,0.776859479421308,0.03324111858900172
synth_pool,157,4.6250000000000036,0.783424876819843,0.03400783341368638
synth_pool,158,4.650000000000004,0.7901167361298761,0.03459150825539596
synth_pool,159,4.675000000000003,0.7968083732176341,0.03504912707785254
synth_pool,160,4.700000000000004,0.804003710792792,0.03562173403272561
synth_pool,161,4.725000000000004,0.8109857054566061,0.03604623858159235
synth_pool,162,4.7500000000000036,0.8182787093361299,0.03651502688585128
synth_pool,163,4.775000000000004,0.8245710919904056,0.0368393870131403
synth_pool,164,4.800000000000003,0.8303779499144839,0.03717953499514408
synth_pool,165,4.825000000000004,0.8364229132624836,0.03768881305304187
synth_pool,166,4.850000000000004,0.8404565804524284,0.03769341201313489
synth_pool,167,4.8750000000000036,0.8438196983776461,0.03773328556499926
synth_pool,168,4.900000000000004,0.8472531691839499,0.037920552091806524
synth_pool,169,4.925000000000004,0.849419435688845,0.038003644962217205
synth_pool,170,4.950000000000004,0.8514750157054854,0.03817607541521957
synth_pool,171,4.975000000000004,0.8530433240594673,0.03832241491925351
synth_pool,172,5.000000000000004,0.8543813259432151,0.03851945968784833
synth_pool,173,5.025000000000004,0.8541336054103598,0.039086639755592484
synth_pool,174,5.050000000000004,0.8534043768745139,0.039994978268950696
synth_pool,175,5.075000000000004,0.8525595762600894,0.04110009217055541
synth_pool,176,5.100000000000004,0.8515913307303415,0.04245536179315363
synth_pool,177,5.125000000000004,0.8500317510821154,0.0447009853477395
synth_pool,178,5.150000000000004,0.84877570267383,0.0470478553141058
synth_pool,179,5.175000000000004,0.8469936682540641,0.05011283144429824
synth_pool,180,5.200000000000004,0.8453476204171502,0.053349239482124784
